REF_AREA: Reference area,TIME_PERIOD: Time period,OBS_VALUE,CLIMATE_HAZARDS
Australia,2001,0.238528799,flood
Australia,2001,0.224589888,flood
Australia,2001,0.209002428,flood
Australia,2001,0.253462969,flood
Australia,2002,0.238528799,flood
Australia,2002,0.224589888,flood
Australia,2002,0.209002428,flood
Australia,2002,0.253462969,flood
Australia,2003,0.238528799,flood
Australia,2003,0.224589888,flood
Australia,2003,0.209002428,flood
Australia,2003,0.253462969,flood
Australia,2004,0.238528799,flood
Australia,2004,0.224589888,flood
Australia,2004,0.209002428,flood
Australia,2004,0.253462969,flood
Australia,2005,0.238528799,flood
Australia,2005,0.224589888,flood
Australia,2005,0.209002428,flood
Australia,2005,0.253462969,flood
Australia,2006,0.238528799,flood
Australia,2006,0.224589888,flood
Australia,2006,0.209002428,flood
Australia,2006,0.253462969,flood
Australia,2007,0.238528799,flood
Australia,2007,0.224589888,flood
Australia,2007,0.209002428,flood
Australia,2007,0.253462969,flood
Australia,2008,0.238528799,flood
Australia,2008,0.224589888,flood
Australia,2008,0.209002428,flood
Australia,2008,0.253462969,flood
Australia,2009,0.238528799,flood
Australia,2009,0.224589888,flood
Australia,2009,0.209002428,flood
Australia,2009,0.253462969,flood
Australia,2010,0.238528799,flood
Australia,2010,0.224589888,flood
Australia,2010,0.209002428,flood
Australia,2010,0.253462969,flood
Australia,2011,0.238528799,flood
Australia,2011,0.224589888,flood
Australia,2011,0.209002428,flood
Australia,2011,0.253462969,flood
Australia,2012,0.238528799,flood
Australia,2012,0.224589888,flood
Australia,2012,0.209002428,flood
Australia,2012,0.253462969,flood
Australia,2013,0.238528799,flood
Australia,2013,0.224589888,flood
Australia,2013,0.209002428,flood
Australia,2013,0.253462969,flood
Australia,2014,0.238528799,flood
Australia,2014,0.224589888,flood
Australia,2014,0.209002428,flood
Australia,2014,0.253462969,flood
Australia,2015,0.238528799,flood
Australia,2015,0.224589888,flood
Australia,2015,0.209002428,flood
Australia,2015,0.253462969,flood
Australia,2016,0.238528799,flood
Australia,2016,0.224589888,flood
Australia,2016,0.209002428,flood
Australia,2016,0.253462969,flood
Australia,2017,0.238528799,flood
Australia,2017,0.224589888,flood
Australia,2017,0.209002428,flood
Australia,2017,0.253462969,flood
Australia,2018,0.238528799,flood
Australia,2018,0.224589888,flood
Australia,2018,0.209002428,flood
Australia,2018,0.253462969,flood
Australia,2019,0.238528799,flood
Australia,2019,0.224589888,flood
Australia,2019,0.209002428,flood
Australia,2019,0.253462969,flood
Australia,2020,0.238528799,flood
Australia,2020,0.224589888,flood
Australia,2020,0.209002428,flood
Australia,2020,0.253462969,flood
Belgium,2001,6.673285539,flood
Belgium,2001,6.993943035,flood
Belgium,2001,6.41042656,flood
Belgium,2001,7.455882439,flood
Belgium,2002,6.673285539,flood
Belgium,2002,6.993943035,flood
Belgium,2002,6.41042656,flood
Belgium,2002,7.455882439,flood
Belgium,2003,6.673285539,flood
Belgium,2003,6.993943035,flood
Belgium,2003,6.41042656,flood
Belgium,2003,7.455882439,flood
Belgium,2004,6.673285539,flood
Belgium,2004,6.993943035,flood
Belgium,2004,6.41042656,flood
Belgium,2004,7.455882439,flood
Belgium,2005,6.673285539,flood
Belgium,2005,6.993943035,flood
Belgium,2005,6.41042656,flood
Belgium,2005,7.455882439,flood
Belgium,2006,6.673285539,flood
Belgium,2006,6.993943035,flood
Belgium,2006,6.41042656,flood
Belgium,2006,7.455882439,flood
Belgium,2007,6.673285539,flood
Belgium,2007,6.993943035,flood
Belgium,2007,6.41042656,flood
Belgium,2007,7.455882439,flood
Belgium,2008,6.673285539,flood
Belgium,2008,6.993943035,flood
Belgium,2008,6.41042656,flood
Belgium,2008,7.455882439,flood
Belgium,2009,6.673285539,flood
Belgium,2009,6.993943035,flood
Belgium,2009,6.41042656,flood
Belgium,2009,7.455882439,flood
Belgium,2010,6.673285539,flood
Belgium,2010,6.993943035,flood
Belgium,2010,6.41042656,flood
Belgium,2010,7.455882439,flood
Belgium,2011,6.673285539,flood
Belgium,2011,6.993943035,flood
Belgium,2011,6.41042656,flood
Belgium,2011,7.455882439,flood
Belgium,2012,6.673285539,flood
Belgium,2012,6.993943035,flood
Belgium,2012,6.41042656,flood
Belgium,2012,7.455882439,flood
Belgium,2013,6.673285539,flood
Belgium,2013,6.993943035,flood
Belgium,2013,6.41042656,flood
Belgium,2013,7.455882439,flood
Belgium,2014,6.673285539,flood
Belgium,2014,6.993943035,flood
Belgium,2014,6.41042656,flood
Belgium,2014,7.455882439,flood
Belgium,2015,6.673285539,flood
Belgium,2015,6.993943035,flood
Belgium,2015,6.41042656,flood
Belgium,2015,7.455882439,flood
Belgium,2016,6.673285539,flood
Belgium,2016,6.993943035,flood
Belgium,2016,6.41042656,flood
Belgium,2016,7.455882439,flood
Belgium,2017,6.673285539,flood
Belgium,2017,6.993943035,flood
Belgium,2017,6.41042656,flood
Belgium,2017,7.455882439,flood
Belgium,2018,6.673285539,flood
Belgium,2018,6.993943035,flood
Belgium,2018,6.41042656,flood
Belgium,2018,7.455882439,flood
Belgium,2019,6.673285539,flood
Belgium,2019,6.993943035,flood
Belgium,2019,6.41042656,flood
Belgium,2019,7.455882439,flood
Belgium,2020,6.673285539,flood
Belgium,2020,6.993943035,flood
Belgium,2020,6.41042656,flood
Belgium,2020,7.455882439,flood
Canada,2001,0.612916499,flood
Canada,2001,0.564694819,flood
Canada,2001,0.581081221,flood
Canada,2001,0.598878562,flood
Canada,2002,0.612916499,flood
Canada,2002,0.564694819,flood
Canada,2002,0.581081221,flood
Canada,2002,0.598878562,flood
Canada,2003,0.612916499,flood
Canada,2003,0.564694819,flood
Canada,2003,0.581081221,flood
Canada,2003,0.598878562,flood
Canada,2004,0.612916499,flood
Canada,2004,0.564694819,flood
Canada,2004,0.581081221,flood
Canada,2004,0.598878562,flood
Canada,2005,0.612916499,flood
Canada,2005,0.564694819,flood
Canada,2005,0.581081221,flood
Canada,2005,0.598878562,flood
Canada,2006,0.612916499,flood
Canada,2006,0.564694819,flood
Canada,2006,0.581081221,flood
Canada,2006,0.598878562,flood
Canada,2007,0.612916499,flood
Canada,2007,0.564694819,flood
Canada,2007,0.581081221,flood
Canada,2007,0.598878562,flood
Canada,2008,0.612916499,flood
Canada,2008,0.564694819,flood
Canada,2008,0.581081221,flood
Canada,2008,0.598878562,flood
Canada,2009,0.612916499,flood
Canada,2009,0.564694819,flood
Canada,2009,0.581081221,flood
Canada,2009,0.598878562,flood
Canada,2010,0.612916499,flood
Canada,2010,0.564694819,flood
Canada,2010,0.581081221,flood
Canada,2010,0.598878562,flood
Canada,2011,0.612916499,flood
Canada,2011,0.564694819,flood
Canada,2011,0.581081221,flood
Canada,2011,0.598878562,flood
Canada,2012,0.612916499,flood
Canada,2012,0.564694819,flood
Canada,2012,0.581081221,flood
Canada,2012,0.598878562,flood
Canada,2013,0.612916499,flood
Canada,2013,0.564694819,flood
Canada,2013,0.581081221,flood
Canada,2013,0.598878562,flood
Canada,2014,0.612916499,flood
Canada,2014,0.564694819,flood
Canada,2014,0.581081221,flood
Canada,2014,0.598878562,flood
Canada,2015,0.612916499,flood
Canada,2015,0.564694819,flood
Canada,2015,0.581081221,flood
Canada,2015,0.598878562,flood
Canada,2016,0.612916499,flood
Canada,2016,0.564694819,flood
Canada,2016,0.581081221,flood
Canada,2016,0.598878562,flood
Canada,2017,0.612916499,flood
Canada,2017,0.564694819,flood
Canada,2017,0.581081221,flood
Canada,2017,0.598878562,flood
Canada,2018,0.612916499,flood
Canada,2018,0.564694819,flood
Canada,2018,0.581081221,flood
Canada,2018,0.598878562,flood
Canada,2019,0.612916499,flood
Canada,2019,0.564694819,flood
Canada,2019,0.581081221,flood
Canada,2019,0.598878562,flood
Canada,2020,0.612916499,flood
Canada,2020,0.564694819,flood
Canada,2020,0.581081221,flood
Canada,2020,0.598878562,flood
Chile,2001,0.145406143,flood
Chile,2001,0.146975815,flood
Chile,2001,0.149963423,flood
Chile,2001,0.148555384,flood
Chile,2002,0.145406143,flood
Chile,2002,0.146975815,flood
Chile,2002,0.149963423,flood
Chile,2002,0.148555384,flood
Chile,2003,0.145406143,flood
Chile,2003,0.146975815,flood
Chile,2003,0.149963423,flood
Chile,2003,0.148555384,flood
Chile,2004,0.145406143,flood
Chile,2004,0.146975815,flood
Chile,2004,0.149963423,flood
Chile,2004,0.148555384,flood
Chile,2005,0.145406143,flood
Chile,2005,0.146975815,flood
Chile,2005,0.149963423,flood
Chile,2005,0.148555384,flood
Chile,2006,0.145406143,flood
Chile,2006,0.146975815,flood
Chile,2006,0.149963423,flood
Chile,2006,0.148555384,flood
Chile,2007,0.145406143,flood
Chile,2007,0.146975815,flood
Chile,2007,0.149963423,flood
Chile,2007,0.148555384,flood
Chile,2008,0.145406143,flood
Chile,2008,0.146975815,flood
Chile,2008,0.149963423,flood
Chile,2008,0.148555384,flood
Chile,2009,0.145406143,flood
Chile,2009,0.146975815,flood
Chile,2009,0.149963423,flood
Chile,2009,0.148555384,flood
Chile,2010,0.145406143,flood
Chile,2010,0.146975815,flood
Chile,2010,0.149963423,flood
Chile,2010,0.148555384,flood
Chile,2011,0.145406143,flood
Chile,2011,0.146975815,flood
Chile,2011,0.149963423,flood
Chile,2011,0.148555384,flood
Chile,2012,0.145406143,flood
Chile,2012,0.146975815,flood
Chile,2012,0.149963423,flood
Chile,2012,0.148555384,flood
Chile,2013,0.145406143,flood
Chile,2013,0.146975815,flood
Chile,2013,0.149963423,flood
Chile,2013,0.148555384,flood
Chile,2014,0.145406143,flood
Chile,2014,0.146975815,flood
Chile,2014,0.149963423,flood
Chile,2014,0.148555384,flood
Chile,2015,0.145406143,flood
Chile,2015,0.146975815,flood
Chile,2015,0.149963423,flood
Chile,2015,0.148555384,flood
Chile,2016,0.145406143,flood
Chile,2016,0.146975815,flood
Chile,2016,0.149963423,flood
Chile,2016,0.148555384,flood
Chile,2017,0.145406143,flood
Chile,2017,0.146975815,flood
Chile,2017,0.149963423,flood
Chile,2017,0.148555384,flood
Chile,2018,0.145406143,flood
Chile,2018,0.146975815,flood
Chile,2018,0.149963423,flood
Chile,2018,0.148555384,flood
Chile,2019,0.145406143,flood
Chile,2019,0.146975815,flood
Chile,2019,0.149963423,flood
Chile,2019,0.148555384,flood
Chile,2020,0.145406143,flood
Chile,2020,0.146975815,flood
Chile,2020,0.149963423,flood
Chile,2020,0.148555384,flood
Colombia,2001,0.028566285,flood
Colombia,2001,0.028438309,flood
Colombia,2001,0.027069693,flood
Colombia,2001,0.028640006,flood
Colombia,2002,0.028566285,flood
Colombia,2002,0.028438309,flood
Colombia,2002,0.027069693,flood
Colombia,2002,0.028640006,flood
Colombia,2003,0.028566285,flood
Colombia,2003,0.028438309,flood
Colombia,2003,0.027069693,flood
Colombia,2003,0.028640006,flood
Colombia,2004,0.028566285,flood
Colombia,2004,0.028438309,flood
Colombia,2004,0.027069693,flood
Colombia,2004,0.028640006,flood
Colombia,2005,0.028566285,flood
Colombia,2005,0.028438309,flood
Colombia,2005,0.027069693,flood
Colombia,2005,0.028640006,flood
Colombia,2006,0.028566285,flood
Colombia,2006,0.028438309,flood
Colombia,2006,0.027069693,flood
Colombia,2006,0.028640006,flood
Colombia,2007,0.028566285,flood
Colombia,2007,0.028438309,flood
Colombia,2007,0.027069693,flood
Colombia,2007,0.028640006,flood
Colombia,2008,0.028566285,flood
Colombia,2008,0.028438309,flood
Colombia,2008,0.027069693,flood
Colombia,2008,0.028640006,flood
Colombia,2009,0.028566285,flood
Colombia,2009,0.028438309,flood
Colombia,2009,0.027069693,flood
Colombia,2009,0.028640006,flood
Colombia,2010,0.028566285,flood
Colombia,2010,0.028438309,flood
Colombia,2010,0.027069693,flood
Colombia,2010,0.028640006,flood
Colombia,2011,0.028566285,flood
Colombia,2011,0.028438309,flood
Colombia,2011,0.027069693,flood
Colombia,2011,0.028640006,flood
Colombia,2012,0.028566285,flood
Colombia,2012,0.028438309,flood
Colombia,2012,0.027069693,flood
Colombia,2012,0.028640006,flood
Colombia,2013,0.028566285,flood
Colombia,2013,0.028438309,flood
Colombia,2013,0.027069693,flood
Colombia,2013,0.028640006,flood
Colombia,2014,0.028566285,flood
Colombia,2014,0.028438309,flood
Colombia,2014,0.027069693,flood
Colombia,2014,0.028640006,flood
Colombia,2015,0.028566285,flood
Colombia,2015,0.028438309,flood
Colombia,2015,0.027069693,flood
Colombia,2015,0.028640006,flood
Colombia,2016,0.028566285,flood
Colombia,2016,0.028438309,flood
Colombia,2016,0.027069693,flood
Colombia,2016,0.028640006,flood
Colombia,2017,0.028566285,flood
Colombia,2017,0.028438309,flood
Colombia,2017,0.027069693,flood
Colombia,2017,0.028640006,flood
Colombia,2018,0.028566285,flood
Colombia,2018,0.028438309,flood
Colombia,2018,0.027069693,flood
Colombia,2018,0.028640006,flood
Colombia,2019,0.028566285,flood
Colombia,2019,0.028438309,flood
Colombia,2019,0.027069693,flood
Colombia,2019,0.028640006,flood
Colombia,2020,0.028566285,flood
Colombia,2020,0.028438309,flood
Colombia,2020,0.027069693,flood
Colombia,2020,0.028640006,flood
Costa Rica,2001,0.085263614,flood
Costa Rica,2001,0.085263614,flood
Costa Rica,2001,0.087698929,flood
Costa Rica,2001,0.087698929,flood
Costa Rica,2002,0.085263614,flood
Costa Rica,2002,0.085263614,flood
Costa Rica,2002,0.087698929,flood
Costa Rica,2002,0.087698929,flood
Costa Rica,2003,0.085263614,flood
Costa Rica,2003,0.085263614,flood
Costa Rica,2003,0.087698929,flood
Costa Rica,2003,0.087698929,flood
Costa Rica,2004,0.085263614,flood
Costa Rica,2004,0.085263614,flood
Costa Rica,2004,0.087698929,flood
Costa Rica,2004,0.087698929,flood
Costa Rica,2005,0.085263614,flood
Costa Rica,2005,0.085263614,flood
Costa Rica,2005,0.087698929,flood
Costa Rica,2005,0.087698929,flood
Costa Rica,2006,0.085263614,flood
Costa Rica,2006,0.085263614,flood
Costa Rica,2006,0.087698929,flood
Costa Rica,2006,0.087698929,flood
Costa Rica,2007,0.085263614,flood
Costa Rica,2007,0.085263614,flood
Costa Rica,2007,0.087698929,flood
Costa Rica,2007,0.087698929,flood
Costa Rica,2008,0.085263614,flood
Costa Rica,2008,0.085263614,flood
Costa Rica,2008,0.087698929,flood
Costa Rica,2008,0.087698929,flood
Costa Rica,2009,0.085263614,flood
Costa Rica,2009,0.085263614,flood
Costa Rica,2009,0.087698929,flood
Costa Rica,2009,0.087698929,flood
Costa Rica,2010,0.085263614,flood
Costa Rica,2010,0.085263614,flood
Costa Rica,2010,0.087698929,flood
Costa Rica,2010,0.087698929,flood
Costa Rica,2011,0.085263614,flood
Costa Rica,2011,0.085263614,flood
Costa Rica,2011,0.087698929,flood
Costa Rica,2011,0.087698929,flood
Costa Rica,2012,0.085263614,flood
Costa Rica,2012,0.085263614,flood
Costa Rica,2012,0.087698929,flood
Costa Rica,2012,0.087698929,flood
Costa Rica,2013,0.085263614,flood
Costa Rica,2013,0.085263614,flood
Costa Rica,2013,0.087698929,flood
Costa Rica,2013,0.087698929,flood
Costa Rica,2014,0.085263614,flood
Costa Rica,2014,0.085263614,flood
Costa Rica,2014,0.087698929,flood
Costa Rica,2014,0.087698929,flood
Costa Rica,2015,0.085263614,flood
Costa Rica,2015,0.085263614,flood
Costa Rica,2015,0.087698929,flood
Costa Rica,2015,0.087698929,flood
Costa Rica,2016,0.085263614,flood
Costa Rica,2016,0.085263614,flood
Costa Rica,2016,0.087698929,flood
Costa Rica,2016,0.087698929,flood
Costa Rica,2017,0.085263614,flood
Costa Rica,2017,0.085263614,flood
Costa Rica,2017,0.087698929,flood
Costa Rica,2017,0.087698929,flood
Costa Rica,2018,0.085263614,flood
Costa Rica,2018,0.085263614,flood
Costa Rica,2018,0.087698929,flood
Costa Rica,2018,0.087698929,flood
Costa Rica,2019,0.085263614,flood
Costa Rica,2019,0.085263614,flood
Costa Rica,2019,0.087698929,flood
Costa Rica,2019,0.087698929,flood
Costa Rica,2020,0.085263614,flood
Costa Rica,2020,0.085263614,flood
Costa Rica,2020,0.087698929,flood
Costa Rica,2020,0.087698929,flood
Denmark,2001,5.666609816,flood
Denmark,2001,6.382954065,flood
Denmark,2001,6.564304182,flood
Denmark,2001,5.894772704,flood
Denmark,2002,5.666609816,flood
Denmark,2002,6.382954065,flood
Denmark,2002,6.564304182,flood
Denmark,2002,5.894772704,flood
Denmark,2003,5.666609816,flood
Denmark,2003,6.382954065,flood
Denmark,2003,6.564304182,flood
Denmark,2003,5.894772704,flood
Denmark,2004,5.666609816,flood
Denmark,2004,6.382954065,flood
Denmark,2004,6.564304182,flood
Denmark,2004,5.894772704,flood
Denmark,2005,5.666609816,flood
Denmark,2005,6.382954065,flood
Denmark,2005,6.564304182,flood
Denmark,2005,5.894772704,flood
Denmark,2006,5.666609816,flood
Denmark,2006,6.382954065,flood
Denmark,2006,6.564304182,flood
Denmark,2006,5.894772704,flood
Denmark,2007,5.666609816,flood
Denmark,2007,6.382954065,flood
Denmark,2007,6.564304182,flood
Denmark,2007,5.894772704,flood
Denmark,2008,5.666609816,flood
Denmark,2008,6.382954065,flood
Denmark,2008,6.564304182,flood
Denmark,2008,5.894772704,flood
Denmark,2009,5.666609816,flood
Denmark,2009,6.382954065,flood
Denmark,2009,6.564304182,flood
Denmark,2009,5.894772704,flood
Denmark,2010,5.666609816,flood
Denmark,2010,6.382954065,flood
Denmark,2010,6.564304182,flood
Denmark,2010,5.894772704,flood
Denmark,2011,5.666609816,flood
Denmark,2011,6.382954065,flood
Denmark,2011,6.564304182,flood
Denmark,2011,5.894772704,flood
Denmark,2012,5.666609816,flood
Denmark,2012,6.382954065,flood
Denmark,2012,6.564304182,flood
Denmark,2012,5.894772704,flood
Denmark,2013,5.666609816,flood
Denmark,2013,6.382954065,flood
Denmark,2013,6.564304182,flood
Denmark,2013,5.894772704,flood
Denmark,2014,5.666609816,flood
Denmark,2014,6.382954065,flood
Denmark,2014,6.564304182,flood
Denmark,2014,5.894772704,flood
Denmark,2015,5.666609816,flood
Denmark,2015,6.382954065,flood
Denmark,2015,6.564304182,flood
Denmark,2015,5.894772704,flood
Denmark,2016,5.666609816,flood
Denmark,2016,6.382954065,flood
Denmark,2016,6.564304182,flood
Denmark,2016,5.894772704,flood
Denmark,2017,5.666609816,flood
Denmark,2017,6.382954065,flood
Denmark,2017,6.564304182,flood
Denmark,2017,5.894772704,flood
Denmark,2018,5.666609816,flood
Denmark,2018,6.382954065,flood
Denmark,2018,6.564304182,flood
Denmark,2018,5.894772704,flood
Denmark,2019,5.666609816,flood
Denmark,2019,6.382954065,flood
Denmark,2019,6.564304182,flood
Denmark,2019,5.894772704,flood
Denmark,2020,5.666609816,flood
Denmark,2020,6.382954065,flood
Denmark,2020,6.564304182,flood
Denmark,2020,5.894772704,flood
Estonia,2001,0.057631256,flood
Estonia,2001,0.085297715,flood
Estonia,2001,0.079771366,flood
Estonia,2001,0.069032833,flood
Estonia,2002,0.057631256,flood
Estonia,2002,0.085297715,flood
Estonia,2002,0.079771366,flood
Estonia,2002,0.069032833,flood
Estonia,2003,0.057631256,flood
Estonia,2003,0.085297715,flood
Estonia,2003,0.079771366,flood
Estonia,2003,0.069032833,flood
Estonia,2004,0.057631256,flood
Estonia,2004,0.085297715,flood
Estonia,2004,0.079771366,flood
Estonia,2004,0.069032833,flood
Estonia,2005,0.057631256,flood
Estonia,2005,0.085297715,flood
Estonia,2005,0.079771366,flood
Estonia,2005,0.069032833,flood
Estonia,2006,0.057631256,flood
Estonia,2006,0.085297715,flood
Estonia,2006,0.079771366,flood
Estonia,2006,0.069032833,flood
Estonia,2007,0.057631256,flood
Estonia,2007,0.085297715,flood
Estonia,2007,0.079771366,flood
Estonia,2007,0.069032833,flood
Estonia,2008,0.057631256,flood
Estonia,2008,0.085297715,flood
Estonia,2008,0.079771366,flood
Estonia,2008,0.069032833,flood
Estonia,2009,0.057631256,flood
Estonia,2009,0.085297715,flood
Estonia,2009,0.079771366,flood
Estonia,2009,0.069032833,flood
Estonia,2010,0.057631256,flood
Estonia,2010,0.085297715,flood
Estonia,2010,0.079771366,flood
Estonia,2010,0.069032833,flood
Estonia,2011,0.057631256,flood
Estonia,2011,0.085297715,flood
Estonia,2011,0.079771366,flood
Estonia,2011,0.069032833,flood
Estonia,2012,0.057631256,flood
Estonia,2012,0.085297715,flood
Estonia,2012,0.079771366,flood
Estonia,2012,0.069032833,flood
Estonia,2013,0.057631256,flood
Estonia,2013,0.085297715,flood
Estonia,2013,0.079771366,flood
Estonia,2013,0.069032833,flood
Estonia,2014,0.057631256,flood
Estonia,2014,0.085297715,flood
Estonia,2014,0.079771366,flood
Estonia,2014,0.069032833,flood
Estonia,2015,0.057631256,flood
Estonia,2015,0.085297715,flood
Estonia,2015,0.079771366,flood
Estonia,2015,0.069032833,flood
Estonia,2016,0.057631256,flood
Estonia,2016,0.085297715,flood
Estonia,2016,0.079771366,flood
Estonia,2016,0.069032833,flood
Estonia,2017,0.057631256,flood
Estonia,2017,0.085297715,flood
Estonia,2017,0.079771366,flood
Estonia,2017,0.069032833,flood
Estonia,2018,0.057631256,flood
Estonia,2018,0.085297715,flood
Estonia,2018,0.079771366,flood
Estonia,2018,0.069032833,flood
Estonia,2019,0.057631256,flood
Estonia,2019,0.085297715,flood
Estonia,2019,0.079771366,flood
Estonia,2019,0.069032833,flood
Estonia,2020,0.057631256,flood
Estonia,2020,0.085297715,flood
Estonia,2020,0.079771366,flood
Estonia,2020,0.069032833,flood
Finland,2001,0.187083839,flood
Finland,2001,0.180818528,flood
Finland,2001,0.187083839,flood
Finland,2001,0.196249216,flood
Finland,2002,0.187083839,flood
Finland,2002,0.180818528,flood
Finland,2002,0.187083839,flood
Finland,2002,0.196249216,flood
Finland,2003,0.187083839,flood
Finland,2003,0.180818528,flood
Finland,2003,0.187083839,flood
Finland,2003,0.196249216,flood
Finland,2004,0.187083839,flood
Finland,2004,0.180818528,flood
Finland,2004,0.187083839,flood
Finland,2004,0.196249216,flood
Finland,2005,0.187083839,flood
Finland,2005,0.180818528,flood
Finland,2005,0.187083839,flood
Finland,2005,0.196249216,flood
Finland,2006,0.187083839,flood
Finland,2006,0.180818528,flood
Finland,2006,0.187083839,flood
Finland,2006,0.196249216,flood
Finland,2007,0.187083839,flood
Finland,2007,0.180818528,flood
Finland,2007,0.187083839,flood
Finland,2007,0.196249216,flood
Finland,2008,0.187083839,flood
Finland,2008,0.180818528,flood
Finland,2008,0.187083839,flood
Finland,2008,0.196249216,flood
Finland,2009,0.187083839,flood
Finland,2009,0.180818528,flood
Finland,2009,0.187083839,flood
Finland,2009,0.196249216,flood
Finland,2010,0.187083839,flood
Finland,2010,0.180818528,flood
Finland,2010,0.187083839,flood
Finland,2010,0.196249216,flood
Finland,2011,0.187083839,flood
Finland,2011,0.180818528,flood
Finland,2011,0.187083839,flood
Finland,2011,0.196249216,flood
Finland,2012,0.187083839,flood
Finland,2012,0.180818528,flood
Finland,2012,0.187083839,flood
Finland,2012,0.196249216,flood
Finland,2013,0.187083839,flood
Finland,2013,0.180818528,flood
Finland,2013,0.187083839,flood
Finland,2013,0.196249216,flood
Finland,2014,0.187083839,flood
Finland,2014,0.180818528,flood
Finland,2014,0.187083839,flood
Finland,2014,0.196249216,flood
Finland,2015,0.187083839,flood
Finland,2015,0.180818528,flood
Finland,2015,0.187083839,flood
Finland,2015,0.196249216,flood
Finland,2016,0.187083839,flood
Finland,2016,0.180818528,flood
Finland,2016,0.187083839,flood
Finland,2016,0.196249216,flood
Finland,2017,0.187083839,flood
Finland,2017,0.180818528,flood
Finland,2017,0.187083839,flood
Finland,2017,0.196249216,flood
Finland,2018,0.187083839,flood
Finland,2018,0.180818528,flood
Finland,2018,0.187083839,flood
Finland,2018,0.196249216,flood
Finland,2019,0.187083839,flood
Finland,2019,0.180818528,flood
Finland,2019,0.187083839,flood
Finland,2019,0.196249216,flood
Finland,2020,0.187083839,flood
Finland,2020,0.180818528,flood
Finland,2020,0.187083839,flood
Finland,2020,0.196249216,flood
France,2001,0.764021979,flood
France,2001,0.823081307,flood
France,2001,0.851580764,flood
France,2001,0.837447057,flood
France,2002,0.764021979,flood
France,2002,0.823081307,flood
France,2002,0.851580764,flood
France,2002,0.837447057,flood
France,2003,0.764021979,flood
France,2003,0.823081307,flood
France,2003,0.851580764,flood
France,2003,0.837447057,flood
France,2004,0.764021979,flood
France,2004,0.823081307,flood
France,2004,0.851580764,flood
France,2004,0.837447057,flood
France,2005,0.764021979,flood
France,2005,0.823081307,flood
France,2005,0.851580764,flood
France,2005,0.837447057,flood
France,2006,0.764021979,flood
France,2006,0.823081307,flood
France,2006,0.851580764,flood
France,2006,0.837447057,flood
France,2007,0.764021979,flood
France,2007,0.823081307,flood
France,2007,0.851580764,flood
France,2007,0.837447057,flood
France,2008,0.764021979,flood
France,2008,0.823081307,flood
France,2008,0.851580764,flood
France,2008,0.837447057,flood
France,2009,0.764021979,flood
France,2009,0.823081307,flood
France,2009,0.851580764,flood
France,2009,0.837447057,flood
France,2010,0.764021979,flood
France,2010,0.823081307,flood
France,2010,0.851580764,flood
France,2010,0.837447057,flood
France,2011,0.764021979,flood
France,2011,0.823081307,flood
France,2011,0.851580764,flood
France,2011,0.837447057,flood
France,2012,0.764021979,flood
France,2012,0.823081307,flood
France,2012,0.851580764,flood
France,2012,0.837447057,flood
France,2013,0.764021979,flood
France,2013,0.823081307,flood
France,2013,0.851580764,flood
France,2013,0.837447057,flood
France,2014,0.764021979,flood
France,2014,0.823081307,flood
France,2014,0.851580764,flood
France,2014,0.837447057,flood
France,2015,0.764021979,flood
France,2015,0.823081307,flood
France,2015,0.851580764,flood
France,2015,0.837447057,flood
France,2016,0.764021979,flood
France,2016,0.823081307,flood
France,2016,0.851580764,flood
France,2016,0.837447057,flood
France,2017,0.764021979,flood
France,2017,0.823081307,flood
France,2017,0.851580764,flood
France,2017,0.837447057,flood
France,2018,0.764021979,flood
France,2018,0.823081307,flood
France,2018,0.851580764,flood
France,2018,0.837447057,flood
France,2019,0.764021979,flood
France,2019,0.823081307,flood
France,2019,0.851580764,flood
France,2019,0.837447057,flood
France,2020,0.764021979,flood
France,2020,0.823081307,flood
France,2020,0.851580764,flood
France,2020,0.837447057,flood
Germany,2001,3.526494061,flood
Germany,2001,3.384586721,flood
Germany,2001,3.471505356,flood
Germany,2001,3.296059605,flood
Germany,2002,3.526494061,flood
Germany,2002,3.384586721,flood
Germany,2002,3.471505356,flood
Germany,2002,3.296059605,flood
Germany,2003,3.526494061,flood
Germany,2003,3.384586721,flood
Germany,2003,3.471505356,flood
Germany,2003,3.296059605,flood
Germany,2004,3.526494061,flood
Germany,2004,3.384586721,flood
Germany,2004,3.471505356,flood
Germany,2004,3.296059605,flood
Germany,2005,3.526494061,flood
Germany,2005,3.384586721,flood
Germany,2005,3.471505356,flood
Germany,2005,3.296059605,flood
Germany,2006,3.526494061,flood
Germany,2006,3.384586721,flood
Germany,2006,3.471505356,flood
Germany,2006,3.296059605,flood
Germany,2007,3.526494061,flood
Germany,2007,3.384586721,flood
Germany,2007,3.471505356,flood
Germany,2007,3.296059605,flood
Germany,2008,3.526494061,flood
Germany,2008,3.384586721,flood
Germany,2008,3.471505356,flood
Germany,2008,3.296059605,flood
Germany,2009,3.526494061,flood
Germany,2009,3.384586721,flood
Germany,2009,3.471505356,flood
Germany,2009,3.296059605,flood
Germany,2010,3.526494061,flood
Germany,2010,3.384586721,flood
Germany,2010,3.471505356,flood
Germany,2010,3.296059605,flood
Germany,2011,3.526494061,flood
Germany,2011,3.384586721,flood
Germany,2011,3.471505356,flood
Germany,2011,3.296059605,flood
Germany,2012,3.526494061,flood
Germany,2012,3.384586721,flood
Germany,2012,3.471505356,flood
Germany,2012,3.296059605,flood
Germany,2013,3.526494061,flood
Germany,2013,3.384586721,flood
Germany,2013,3.471505356,flood
Germany,2013,3.296059605,flood
Germany,2014,3.526494061,flood
Germany,2014,3.384586721,flood
Germany,2014,3.471505356,flood
Germany,2014,3.296059605,flood
Germany,2015,3.526494061,flood
Germany,2015,3.384586721,flood
Germany,2015,3.471505356,flood
Germany,2015,3.296059605,flood
Germany,2016,3.526494061,flood
Germany,2016,3.384586721,flood
Germany,2016,3.471505356,flood
Germany,2016,3.296059605,flood
Germany,2017,3.526494061,flood
Germany,2017,3.384586721,flood
Germany,2017,3.471505356,flood
Germany,2017,3.296059605,flood
Germany,2018,3.526494061,flood
Germany,2018,3.384586721,flood
Germany,2018,3.471505356,flood
Germany,2018,3.296059605,flood
Germany,2019,3.526494061,flood
Germany,2019,3.384586721,flood
Germany,2019,3.471505356,flood
Germany,2019,3.296059605,flood
Germany,2020,3.526494061,flood
Germany,2020,3.384586721,flood
Germany,2020,3.471505356,flood
Germany,2020,3.296059605,flood
Greece,2001,0.633449592,flood
Greece,2001,0.644365229,flood
Greece,2001,0.653504323,flood
Greece,2001,0.661875266,flood
Greece,2002,0.633449592,flood
Greece,2002,0.644365229,flood
Greece,2002,0.653504323,flood
Greece,2002,0.661875266,flood
Greece,2003,0.633449592,flood
Greece,2003,0.644365229,flood
Greece,2003,0.653504323,flood
Greece,2003,0.661875266,flood
Greece,2004,0.633449592,flood
Greece,2004,0.644365229,flood
Greece,2004,0.653504323,flood
Greece,2004,0.661875266,flood
Greece,2005,0.633449592,flood
Greece,2005,0.644365229,flood
Greece,2005,0.653504323,flood
Greece,2005,0.661875266,flood
Greece,2006,0.633449592,flood
Greece,2006,0.644365229,flood
Greece,2006,0.653504323,flood
Greece,2006,0.661875266,flood
Greece,2007,0.633449592,flood
Greece,2007,0.644365229,flood
Greece,2007,0.653504323,flood
Greece,2007,0.661875266,flood
Greece,2008,0.633449592,flood
Greece,2008,0.644365229,flood
Greece,2008,0.653504323,flood
Greece,2008,0.661875266,flood
Greece,2009,0.633449592,flood
Greece,2009,0.644365229,flood
Greece,2009,0.653504323,flood
Greece,2009,0.661875266,flood
Greece,2010,0.633449592,flood
Greece,2010,0.644365229,flood
Greece,2010,0.653504323,flood
Greece,2010,0.661875266,flood
Greece,2011,0.633449592,flood
Greece,2011,0.644365229,flood
Greece,2011,0.653504323,flood
Greece,2011,0.661875266,flood
Greece,2012,0.633449592,flood
Greece,2012,0.644365229,flood
Greece,2012,0.653504323,flood
Greece,2012,0.661875266,flood
Greece,2013,0.633449592,flood
Greece,2013,0.644365229,flood
Greece,2013,0.653504323,flood
Greece,2013,0.661875266,flood
Greece,2014,0.633449592,flood
Greece,2014,0.644365229,flood
Greece,2014,0.653504323,flood
Greece,2014,0.661875266,flood
Greece,2015,0.633449592,flood
Greece,2015,0.644365229,flood
Greece,2015,0.653504323,flood
Greece,2015,0.661875266,flood
Greece,2016,0.633449592,flood
Greece,2016,0.644365229,flood
Greece,2016,0.653504323,flood
Greece,2016,0.661875266,flood
Greece,2017,0.633449592,flood
Greece,2017,0.644365229,flood
Greece,2017,0.653504323,flood
Greece,2017,0.661875266,flood
Greece,2018,0.633449592,flood
Greece,2018,0.644365229,flood
Greece,2018,0.653504323,flood
Greece,2018,0.661875266,flood
Greece,2019,0.633449592,flood
Greece,2019,0.644365229,flood
Greece,2019,0.653504323,flood
Greece,2019,0.661875266,flood
Greece,2020,0.633449592,flood
Greece,2020,0.644365229,flood
Greece,2020,0.653504323,flood
Greece,2020,0.661875266,flood
Iceland,2001,0.609990671,flood
Iceland,2001,0.582923241,flood
Iceland,2001,0.609990671,flood
Iceland,2001,0.354699535,flood
Iceland,2002,0.609990671,flood
Iceland,2002,0.582923241,flood
Iceland,2002,0.609990671,flood
Iceland,2002,0.354699535,flood
Iceland,2003,0.609990671,flood
Iceland,2003,0.582923241,flood
Iceland,2003,0.609990671,flood
Iceland,2003,0.354699535,flood
Iceland,2004,0.609990671,flood
Iceland,2004,0.582923241,flood
Iceland,2004,0.609990671,flood
Iceland,2004,0.354699535,flood
Iceland,2005,0.609990671,flood
Iceland,2005,0.582923241,flood
Iceland,2005,0.609990671,flood
Iceland,2005,0.354699535,flood
Iceland,2006,0.609990671,flood
Iceland,2006,0.582923241,flood
Iceland,2006,0.609990671,flood
Iceland,2006,0.354699535,flood
Iceland,2007,0.609990671,flood
Iceland,2007,0.582923241,flood
Iceland,2007,0.609990671,flood
Iceland,2007,0.354699535,flood
Iceland,2008,0.609990671,flood
Iceland,2008,0.582923241,flood
Iceland,2008,0.609990671,flood
Iceland,2008,0.354699535,flood
Iceland,2009,0.609990671,flood
Iceland,2009,0.582923241,flood
Iceland,2009,0.609990671,flood
Iceland,2009,0.354699535,flood
Iceland,2010,0.609990671,flood
Iceland,2010,0.582923241,flood
Iceland,2010,0.609990671,flood
Iceland,2010,0.354699535,flood
Iceland,2011,0.609990671,flood
Iceland,2011,0.582923241,flood
Iceland,2011,0.609990671,flood
Iceland,2011,0.354699535,flood
Iceland,2012,0.609990671,flood
Iceland,2012,0.582923241,flood
Iceland,2012,0.609990671,flood
Iceland,2012,0.354699535,flood
Iceland,2013,0.609990671,flood
Iceland,2013,0.582923241,flood
Iceland,2013,0.609990671,flood
Iceland,2013,0.354699535,flood
Iceland,2014,0.609990671,flood
Iceland,2014,0.582923241,flood
Iceland,2014,0.609990671,flood
Iceland,2014,0.354699535,flood
Iceland,2015,0.609990671,flood
Iceland,2015,0.582923241,flood
Iceland,2015,0.609990671,flood
Iceland,2015,0.354699535,flood
Iceland,2016,0.609990671,flood
Iceland,2016,0.582923241,flood
Iceland,2016,0.609990671,flood
Iceland,2016,0.354699535,flood
Iceland,2017,0.609990671,flood
Iceland,2017,0.582923241,flood
Iceland,2017,0.609990671,flood
Iceland,2017,0.354699535,flood
Iceland,2018,0.609990671,flood
Iceland,2018,0.582923241,flood
Iceland,2018,0.609990671,flood
Iceland,2018,0.354699535,flood
Iceland,2019,0.609990671,flood
Iceland,2019,0.582923241,flood
Iceland,2019,0.609990671,flood
Iceland,2019,0.354699535,flood
Iceland,2020,0.609990671,flood
Iceland,2020,0.582923241,flood
Iceland,2020,0.609990671,flood
Iceland,2020,0.354699535,flood
Ireland,2001,0.277028572,flood
Ireland,2001,0.29681528,flood
Ireland,2001,0.30870866,flood
Ireland,2001,0.261395093,flood
Ireland,2002,0.277028572,flood
Ireland,2002,0.29681528,flood
Ireland,2002,0.30870866,flood
Ireland,2002,0.261395093,flood
Ireland,2003,0.277028572,flood
Ireland,2003,0.29681528,flood
Ireland,2003,0.30870866,flood
Ireland,2003,0.261395093,flood
Ireland,2004,0.277028572,flood
Ireland,2004,0.29681528,flood
Ireland,2004,0.30870866,flood
Ireland,2004,0.261395093,flood
Ireland,2005,0.277028572,flood
Ireland,2005,0.29681528,flood
Ireland,2005,0.30870866,flood
Ireland,2005,0.261395093,flood
Ireland,2006,0.277028572,flood
Ireland,2006,0.29681528,flood
Ireland,2006,0.30870866,flood
Ireland,2006,0.261395093,flood
Ireland,2007,0.277028572,flood
Ireland,2007,0.29681528,flood
Ireland,2007,0.30870866,flood
Ireland,2007,0.261395093,flood
Ireland,2008,0.277028572,flood
Ireland,2008,0.29681528,flood
Ireland,2008,0.30870866,flood
Ireland,2008,0.261395093,flood
Ireland,2009,0.277028572,flood
Ireland,2009,0.29681528,flood
Ireland,2009,0.30870866,flood
Ireland,2009,0.261395093,flood
Ireland,2010,0.277028572,flood
Ireland,2010,0.29681528,flood
Ireland,2010,0.30870866,flood
Ireland,2010,0.261395093,flood
Ireland,2011,0.277028572,flood
Ireland,2011,0.29681528,flood
Ireland,2011,0.30870866,flood
Ireland,2011,0.261395093,flood
Ireland,2012,0.277028572,flood
Ireland,2012,0.29681528,flood
Ireland,2012,0.30870866,flood
Ireland,2012,0.261395093,flood
Ireland,2013,0.277028572,flood
Ireland,2013,0.29681528,flood
Ireland,2013,0.30870866,flood
Ireland,2013,0.261395093,flood
Ireland,2014,0.277028572,flood
Ireland,2014,0.29681528,flood
Ireland,2014,0.30870866,flood
Ireland,2014,0.261395093,flood
Ireland,2015,0.277028572,flood
Ireland,2015,0.29681528,flood
Ireland,2015,0.30870866,flood
Ireland,2015,0.261395093,flood
Ireland,2016,0.277028572,flood
Ireland,2016,0.29681528,flood
Ireland,2016,0.30870866,flood
Ireland,2016,0.261395093,flood
Ireland,2017,0.277028572,flood
Ireland,2017,0.29681528,flood
Ireland,2017,0.30870866,flood
Ireland,2017,0.261395093,flood
Ireland,2018,0.277028572,flood
Ireland,2018,0.29681528,flood
Ireland,2018,0.30870866,flood
Ireland,2018,0.261395093,flood
Ireland,2019,0.277028572,flood
Ireland,2019,0.29681528,flood
Ireland,2019,0.30870866,flood
Ireland,2019,0.261395093,flood
Ireland,2020,0.277028572,flood
Ireland,2020,0.29681528,flood
Ireland,2020,0.30870866,flood
Ireland,2020,0.261395093,flood
Israel,2001,0.000222908,flood
Israel,2001,0.000222908,flood
Israel,2001,0.000222908,flood
Israel,2001,0.000222908,flood
Israel,2002,0.000222908,flood
Israel,2002,0.000222908,flood
Israel,2002,0.000222908,flood
Israel,2002,0.000222908,flood
Israel,2003,0.000222908,flood
Israel,2003,0.000222908,flood
Israel,2003,0.000222908,flood
Israel,2003,0.000222908,flood
Israel,2004,0.000222908,flood
Israel,2004,0.000222908,flood
Israel,2004,0.000222908,flood
Israel,2004,0.000222908,flood
Israel,2005,0.000222908,flood
Israel,2005,0.000222908,flood
Israel,2005,0.000222908,flood
Israel,2005,0.000222908,flood
Israel,2006,0.000222908,flood
Israel,2006,0.000222908,flood
Israel,2006,0.000222908,flood
Israel,2006,0.000222908,flood
Israel,2007,0.000222908,flood
Israel,2007,0.000222908,flood
Israel,2007,0.000222908,flood
Israel,2007,0.000222908,flood
Israel,2008,0.000222908,flood
Israel,2008,0.000222908,flood
Israel,2008,0.000222908,flood
Israel,2008,0.000222908,flood
Israel,2009,0.000222908,flood
Israel,2009,0.000222908,flood
Israel,2009,0.000222908,flood
Israel,2009,0.000222908,flood
Israel,2010,0.000222908,flood
Israel,2010,0.000222908,flood
Israel,2010,0.000222908,flood
Israel,2010,0.000222908,flood
Israel,2011,0.000222908,flood
Israel,2011,0.000222908,flood
Israel,2011,0.000222908,flood
Israel,2011,0.000222908,flood
Israel,2012,0.000222908,flood
Israel,2012,0.000222908,flood
Israel,2012,0.000222908,flood
Israel,2012,0.000222908,flood
Israel,2013,0.000222908,flood
Israel,2013,0.000222908,flood
Israel,2013,0.000222908,flood
Israel,2013,0.000222908,flood
Israel,2014,0.000222908,flood
Israel,2014,0.000222908,flood
Israel,2014,0.000222908,flood
Israel,2014,0.000222908,flood
Israel,2015,0.000222908,flood
Israel,2015,0.000222908,flood
Israel,2015,0.000222908,flood
Israel,2015,0.000222908,flood
Israel,2016,0.000222908,flood
Israel,2016,0.000222908,flood
Israel,2016,0.000222908,flood
Israel,2016,0.000222908,flood
Israel,2017,0.000222908,flood
Israel,2017,0.000222908,flood
Israel,2017,0.000222908,flood
Israel,2017,0.000222908,flood
Israel,2018,0.000222908,flood
Israel,2018,0.000222908,flood
Israel,2018,0.000222908,flood
Israel,2018,0.000222908,flood
Israel,2019,0.000222908,flood
Israel,2019,0.000222908,flood
Israel,2019,0.000222908,flood
Israel,2019,0.000222908,flood
Israel,2020,0.000222908,flood
Israel,2020,0.000222908,flood
Israel,2020,0.000222908,flood
Israel,2020,0.000222908,flood
Italy,2001,1.994375896,flood
Italy,2001,1.97237882,flood
Italy,2001,1.900055762,flood
Italy,2001,1.929483409,flood
Italy,2002,1.994375896,flood
Italy,2002,1.97237882,flood
Italy,2002,1.900055762,flood
Italy,2002,1.929483409,flood
Italy,2003,1.994375896,flood
Italy,2003,1.97237882,flood
Italy,2003,1.900055762,flood
Italy,2003,1.929483409,flood
Italy,2004,1.994375896,flood
Italy,2004,1.97237882,flood
Italy,2004,1.900055762,flood
Italy,2004,1.929483409,flood
Italy,2005,1.994375896,flood
Italy,2005,1.97237882,flood
Italy,2005,1.900055762,flood
Italy,2005,1.929483409,flood
Italy,2006,1.994375896,flood
Italy,2006,1.97237882,flood
Italy,2006,1.900055762,flood
Italy,2006,1.929483409,flood
Italy,2007,1.994375896,flood
Italy,2007,1.97237882,flood
Italy,2007,1.900055762,flood
Italy,2007,1.929483409,flood
Italy,2008,1.994375896,flood
Italy,2008,1.97237882,flood
Italy,2008,1.900055762,flood
Italy,2008,1.929483409,flood
Italy,2009,1.994375896,flood
Italy,2009,1.97237882,flood
Italy,2009,1.900055762,flood
Italy,2009,1.929483409,flood
Italy,2010,1.994375896,flood
Italy,2010,1.97237882,flood
Italy,2010,1.900055762,flood
Italy,2010,1.929483409,flood
Italy,2011,1.994375896,flood
Italy,2011,1.97237882,flood
Italy,2011,1.900055762,flood
Italy,2011,1.929483409,flood
Italy,2012,1.994375896,flood
Italy,2012,1.97237882,flood
Italy,2012,1.900055762,flood
Italy,2012,1.929483409,flood
Italy,2013,1.994375896,flood
Italy,2013,1.97237882,flood
Italy,2013,1.900055762,flood
Italy,2013,1.929483409,flood
Italy,2014,1.994375896,flood
Italy,2014,1.97237882,flood
Italy,2014,1.900055762,flood
Italy,2014,1.929483409,flood
Italy,2015,1.994375896,flood
Italy,2015,1.97237882,flood
Italy,2015,1.900055762,flood
Italy,2015,1.929483409,flood
Italy,2016,1.994375896,flood
Italy,2016,1.97237882,flood
Italy,2016,1.900055762,flood
Italy,2016,1.929483409,flood
Italy,2017,1.994375896,flood
Italy,2017,1.97237882,flood
Italy,2017,1.900055762,flood
Italy,2017,1.929483409,flood
Italy,2018,1.994375896,flood
Italy,2018,1.97237882,flood
Italy,2018,1.900055762,flood
Italy,2018,1.929483409,flood
Italy,2019,1.994375896,flood
Italy,2019,1.97237882,flood
Italy,2019,1.900055762,flood
Italy,2019,1.929483409,flood
Italy,2020,1.994375896,flood
Italy,2020,1.97237882,flood
Italy,2020,1.900055762,flood
Italy,2020,1.929483409,flood
Japan,2001,0.810747531,flood
Japan,2001,0.797026909,flood
Japan,2001,0.818641305,flood
Japan,2001,0.831491328,flood
Japan,2002,0.810747531,flood
Japan,2002,0.797026909,flood
Japan,2002,0.818641305,flood
Japan,2002,0.831491328,flood
Japan,2003,0.810747531,flood
Japan,2003,0.797026909,flood
Japan,2003,0.818641305,flood
Japan,2003,0.831491328,flood
Japan,2004,0.810747531,flood
Japan,2004,0.797026909,flood
Japan,2004,0.818641305,flood
Japan,2004,0.831491328,flood
Japan,2005,0.810747531,flood
Japan,2005,0.797026909,flood
Japan,2005,0.818641305,flood
Japan,2005,0.831491328,flood
Japan,2006,0.810747531,flood
Japan,2006,0.797026909,flood
Japan,2006,0.818641305,flood
Japan,2006,0.831491328,flood
Japan,2007,0.810747531,flood
Japan,2007,0.797026909,flood
Japan,2007,0.818641305,flood
Japan,2007,0.831491328,flood
Japan,2008,0.810747531,flood
Japan,2008,0.797026909,flood
Japan,2008,0.818641305,flood
Japan,2008,0.831491328,flood
Japan,2009,0.810747531,flood
Japan,2009,0.797026909,flood
Japan,2009,0.818641305,flood
Japan,2009,0.831491328,flood
Japan,2010,0.810747531,flood
Japan,2010,0.797026909,flood
Japan,2010,0.818641305,flood
Japan,2010,0.831491328,flood
Japan,2011,0.810747531,flood
Japan,2011,0.797026909,flood
Japan,2011,0.818641305,flood
Japan,2011,0.831491328,flood
Japan,2012,0.810747531,flood
Japan,2012,0.797026909,flood
Japan,2012,0.818641305,flood
Japan,2012,0.831491328,flood
Japan,2013,0.810747531,flood
Japan,2013,0.797026909,flood
Japan,2013,0.818641305,flood
Japan,2013,0.831491328,flood
Japan,2014,0.810747531,flood
Japan,2014,0.797026909,flood
Japan,2014,0.818641305,flood
Japan,2014,0.831491328,flood
Japan,2015,0.810747531,flood
Japan,2015,0.797026909,flood
Japan,2015,0.818641305,flood
Japan,2015,0.831491328,flood
Japan,2016,0.810747531,flood
Japan,2016,0.797026909,flood
Japan,2016,0.818641305,flood
Japan,2016,0.831491328,flood
Japan,2017,0.810747531,flood
Japan,2017,0.797026909,flood
Japan,2017,0.818641305,flood
Japan,2017,0.831491328,flood
Japan,2018,0.810747531,flood
Japan,2018,0.797026909,flood
Japan,2018,0.818641305,flood
Japan,2018,0.831491328,flood
Japan,2019,0.810747531,flood
Japan,2019,0.797026909,flood
Japan,2019,0.818641305,flood
Japan,2019,0.831491328,flood
Japan,2020,0.810747531,flood
Japan,2020,0.797026909,flood
Japan,2020,0.818641305,flood
Japan,2020,0.831491328,flood
Korea,2001,0.523980178,flood
Korea,2001,0.536982642,flood
Korea,2001,0.51116931,flood
Korea,2001,0.54918975,flood
Korea,2002,0.523980178,flood
Korea,2002,0.536982642,flood
Korea,2002,0.51116931,flood
Korea,2002,0.54918975,flood
Korea,2003,0.523980178,flood
Korea,2003,0.536982642,flood
Korea,2003,0.51116931,flood
Korea,2003,0.54918975,flood
Korea,2004,0.523980178,flood
Korea,2004,0.536982642,flood
Korea,2004,0.51116931,flood
Korea,2004,0.54918975,flood
Korea,2005,0.523980178,flood
Korea,2005,0.536982642,flood
Korea,2005,0.51116931,flood
Korea,2005,0.54918975,flood
Korea,2006,0.523980178,flood
Korea,2006,0.536982642,flood
Korea,2006,0.51116931,flood
Korea,2006,0.54918975,flood
Korea,2007,0.523980178,flood
Korea,2007,0.536982642,flood
Korea,2007,0.51116931,flood
Korea,2007,0.54918975,flood
Korea,2008,0.523980178,flood
Korea,2008,0.536982642,flood
Korea,2008,0.51116931,flood
Korea,2008,0.54918975,flood
Korea,2009,0.523980178,flood
Korea,2009,0.536982642,flood
Korea,2009,0.51116931,flood
Korea,2009,0.54918975,flood
Korea,2010,0.523980178,flood
Korea,2010,0.536982642,flood
Korea,2010,0.51116931,flood
Korea,2010,0.54918975,flood
Korea,2011,0.523980178,flood
Korea,2011,0.536982642,flood
Korea,2011,0.51116931,flood
Korea,2011,0.54918975,flood
Korea,2012,0.523980178,flood
Korea,2012,0.536982642,flood
Korea,2012,0.51116931,flood
Korea,2012,0.54918975,flood
Korea,2013,0.523980178,flood
Korea,2013,0.536982642,flood
Korea,2013,0.51116931,flood
Korea,2013,0.54918975,flood
Korea,2014,0.523980178,flood
Korea,2014,0.536982642,flood
Korea,2014,0.51116931,flood
Korea,2014,0.54918975,flood
Korea,2015,0.523980178,flood
Korea,2015,0.536982642,flood
Korea,2015,0.51116931,flood
Korea,2015,0.54918975,flood
Korea,2016,0.523980178,flood
Korea,2016,0.536982642,flood
Korea,2016,0.51116931,flood
Korea,2016,0.54918975,flood
Korea,2017,0.523980178,flood
Korea,2017,0.536982642,flood
Korea,2017,0.51116931,flood
Korea,2017,0.54918975,flood
Korea,2018,0.523980178,flood
Korea,2018,0.536982642,flood
Korea,2018,0.51116931,flood
Korea,2018,0.54918975,flood
Korea,2019,0.523980178,flood
Korea,2019,0.536982642,flood
Korea,2019,0.51116931,flood
Korea,2019,0.54918975,flood
Korea,2020,0.523980178,flood
Korea,2020,0.536982642,flood
Korea,2020,0.51116931,flood
Korea,2020,0.54918975,flood
Latvia,2001,0.118892388,flood
Latvia,2001,0.11670963,flood
Latvia,2001,0.116472177,flood
Latvia,2001,0.113852891,flood
Latvia,2002,0.118892388,flood
Latvia,2002,0.11670963,flood
Latvia,2002,0.116472177,flood
Latvia,2002,0.113852891,flood
Latvia,2003,0.118892388,flood
Latvia,2003,0.11670963,flood
Latvia,2003,0.116472177,flood
Latvia,2003,0.113852891,flood
Latvia,2004,0.118892388,flood
Latvia,2004,0.11670963,flood
Latvia,2004,0.116472177,flood
Latvia,2004,0.113852891,flood
Latvia,2005,0.118892388,flood
Latvia,2005,0.11670963,flood
Latvia,2005,0.116472177,flood
Latvia,2005,0.113852891,flood
Latvia,2006,0.118892388,flood
Latvia,2006,0.11670963,flood
Latvia,2006,0.116472177,flood
Latvia,2006,0.113852891,flood
Latvia,2007,0.118892388,flood
Latvia,2007,0.11670963,flood
Latvia,2007,0.116472177,flood
Latvia,2007,0.113852891,flood
Latvia,2008,0.118892388,flood
Latvia,2008,0.11670963,flood
Latvia,2008,0.116472177,flood
Latvia,2008,0.113852891,flood
Latvia,2009,0.118892388,flood
Latvia,2009,0.11670963,flood
Latvia,2009,0.116472177,flood
Latvia,2009,0.113852891,flood
Latvia,2010,0.118892388,flood
Latvia,2010,0.11670963,flood
Latvia,2010,0.116472177,flood
Latvia,2010,0.113852891,flood
Latvia,2011,0.118892388,flood
Latvia,2011,0.11670963,flood
Latvia,2011,0.116472177,flood
Latvia,2011,0.113852891,flood
Latvia,2012,0.118892388,flood
Latvia,2012,0.11670963,flood
Latvia,2012,0.116472177,flood
Latvia,2012,0.113852891,flood
Latvia,2013,0.118892388,flood
Latvia,2013,0.11670963,flood
Latvia,2013,0.116472177,flood
Latvia,2013,0.113852891,flood
Latvia,2014,0.118892388,flood
Latvia,2014,0.11670963,flood
Latvia,2014,0.116472177,flood
Latvia,2014,0.113852891,flood
Latvia,2015,0.118892388,flood
Latvia,2015,0.11670963,flood
Latvia,2015,0.116472177,flood
Latvia,2015,0.113852891,flood
Latvia,2016,0.118892388,flood
Latvia,2016,0.11670963,flood
Latvia,2016,0.116472177,flood
Latvia,2016,0.113852891,flood
Latvia,2017,0.118892388,flood
Latvia,2017,0.11670963,flood
Latvia,2017,0.116472177,flood
Latvia,2017,0.113852891,flood
Latvia,2018,0.118892388,flood
Latvia,2018,0.11670963,flood
Latvia,2018,0.116472177,flood
Latvia,2018,0.113852891,flood
Latvia,2019,0.118892388,flood
Latvia,2019,0.11670963,flood
Latvia,2019,0.116472177,flood
Latvia,2019,0.113852891,flood
Latvia,2020,0.118892388,flood
Latvia,2020,0.11670963,flood
Latvia,2020,0.116472177,flood
Latvia,2020,0.113852891,flood
Lithuania,2001,0.740017883,flood
Lithuania,2001,0.760720378,flood
Lithuania,2001,0.747895653,flood
Lithuania,2001,0.028405346,flood
Lithuania,2002,0.740017883,flood
Lithuania,2002,0.760720378,flood
Lithuania,2002,0.747895653,flood
Lithuania,2002,0.028405346,flood
Lithuania,2003,0.740017883,flood
Lithuania,2003,0.760720378,flood
Lithuania,2003,0.747895653,flood
Lithuania,2003,0.028405346,flood
Lithuania,2004,0.740017883,flood
Lithuania,2004,0.760720378,flood
Lithuania,2004,0.747895653,flood
Lithuania,2004,0.028405346,flood
Lithuania,2005,0.740017883,flood
Lithuania,2005,0.760720378,flood
Lithuania,2005,0.747895653,flood
Lithuania,2005,0.028405346,flood
Lithuania,2006,0.740017883,flood
Lithuania,2006,0.760720378,flood
Lithuania,2006,0.747895653,flood
Lithuania,2006,0.028405346,flood
Lithuania,2007,0.740017883,flood
Lithuania,2007,0.760720378,flood
Lithuania,2007,0.747895653,flood
Lithuania,2007,0.028405346,flood
Lithuania,2008,0.740017883,flood
Lithuania,2008,0.760720378,flood
Lithuania,2008,0.747895653,flood
Lithuania,2008,0.028405346,flood
Lithuania,2009,0.740017883,flood
Lithuania,2009,0.760720378,flood
Lithuania,2009,0.747895653,flood
Lithuania,2009,0.028405346,flood
Lithuania,2010,0.740017883,flood
Lithuania,2010,0.760720378,flood
Lithuania,2010,0.747895653,flood
Lithuania,2010,0.028405346,flood
Lithuania,2011,0.740017883,flood
Lithuania,2011,0.760720378,flood
Lithuania,2011,0.747895653,flood
Lithuania,2011,0.028405346,flood
Lithuania,2012,0.740017883,flood
Lithuania,2012,0.760720378,flood
Lithuania,2012,0.747895653,flood
Lithuania,2012,0.028405346,flood
Lithuania,2013,0.740017883,flood
Lithuania,2013,0.760720378,flood
Lithuania,2013,0.747895653,flood
Lithuania,2013,0.028405346,flood
Lithuania,2014,0.740017883,flood
Lithuania,2014,0.760720378,flood
Lithuania,2014,0.747895653,flood
Lithuania,2014,0.028405346,flood
Lithuania,2015,0.740017883,flood
Lithuania,2015,0.760720378,flood
Lithuania,2015,0.747895653,flood
Lithuania,2015,0.028405346,flood
Lithuania,2016,0.740017883,flood
Lithuania,2016,0.760720378,flood
Lithuania,2016,0.747895653,flood
Lithuania,2016,0.028405346,flood
Lithuania,2017,0.740017883,flood
Lithuania,2017,0.760720378,flood
Lithuania,2017,0.747895653,flood
Lithuania,2017,0.028405346,flood
Lithuania,2018,0.740017883,flood
Lithuania,2018,0.760720378,flood
Lithuania,2018,0.747895653,flood
Lithuania,2018,0.028405346,flood
Lithuania,2019,0.740017883,flood
Lithuania,2019,0.760720378,flood
Lithuania,2019,0.747895653,flood
Lithuania,2019,0.028405346,flood
Lithuania,2020,0.740017883,flood
Lithuania,2020,0.760720378,flood
Lithuania,2020,0.747895653,flood
Lithuania,2020,0.028405346,flood
Mexico,2001,0.549745939,flood
Mexico,2001,0.580278623,flood
Mexico,2001,0.56175839,flood
Mexico,2001,0.539405989,flood
Mexico,2002,0.549745939,flood
Mexico,2002,0.580278623,flood
Mexico,2002,0.56175839,flood
Mexico,2002,0.539405989,flood
Mexico,2003,0.549745939,flood
Mexico,2003,0.580278623,flood
Mexico,2003,0.56175839,flood
Mexico,2003,0.539405989,flood
Mexico,2004,0.549745939,flood
Mexico,2004,0.580278623,flood
Mexico,2004,0.56175839,flood
Mexico,2004,0.539405989,flood
Mexico,2005,0.549745939,flood
Mexico,2005,0.580278623,flood
Mexico,2005,0.56175839,flood
Mexico,2005,0.539405989,flood
Mexico,2006,0.549745939,flood
Mexico,2006,0.580278623,flood
Mexico,2006,0.56175839,flood
Mexico,2006,0.539405989,flood
Mexico,2007,0.549745939,flood
Mexico,2007,0.580278623,flood
Mexico,2007,0.56175839,flood
Mexico,2007,0.539405989,flood
Mexico,2008,0.549745939,flood
Mexico,2008,0.580278623,flood
Mexico,2008,0.56175839,flood
Mexico,2008,0.539405989,flood
Mexico,2009,0.549745939,flood
Mexico,2009,0.580278623,flood
Mexico,2009,0.56175839,flood
Mexico,2009,0.539405989,flood
Mexico,2010,0.549745939,flood
Mexico,2010,0.580278623,flood
Mexico,2010,0.56175839,flood
Mexico,2010,0.539405989,flood
Mexico,2011,0.549745939,flood
Mexico,2011,0.580278623,flood
Mexico,2011,0.56175839,flood
Mexico,2011,0.539405989,flood
Mexico,2012,0.549745939,flood
Mexico,2012,0.580278623,flood
Mexico,2012,0.56175839,flood
Mexico,2012,0.539405989,flood
Mexico,2013,0.549745939,flood
Mexico,2013,0.580278623,flood
Mexico,2013,0.56175839,flood
Mexico,2013,0.539405989,flood
Mexico,2014,0.549745939,flood
Mexico,2014,0.580278623,flood
Mexico,2014,0.56175839,flood
Mexico,2014,0.539405989,flood
Mexico,2015,0.549745939,flood
Mexico,2015,0.580278623,flood
Mexico,2015,0.56175839,flood
Mexico,2015,0.539405989,flood
Mexico,2016,0.549745939,flood
Mexico,2016,0.580278623,flood
Mexico,2016,0.56175839,flood
Mexico,2016,0.539405989,flood
Mexico,2017,0.549745939,flood
Mexico,2017,0.580278623,flood
Mexico,2017,0.56175839,flood
Mexico,2017,0.539405989,flood
Mexico,2018,0.549745939,flood
Mexico,2018,0.580278623,flood
Mexico,2018,0.56175839,flood
Mexico,2018,0.539405989,flood
Mexico,2019,0.549745939,flood
Mexico,2019,0.580278623,flood
Mexico,2019,0.56175839,flood
Mexico,2019,0.539405989,flood
Mexico,2020,0.549745939,flood
Mexico,2020,0.580278623,flood
Mexico,2020,0.56175839,flood
Mexico,2020,0.539405989,flood
Netherlands,2001,51.65942331,flood
Netherlands,2001,52.34271948,flood
Netherlands,2001,53.23949281,flood
Netherlands,2001,52.74205355,flood
Netherlands,2002,51.65942331,flood
Netherlands,2002,52.34271948,flood
Netherlands,2002,53.23949281,flood
Netherlands,2002,52.74205355,flood
Netherlands,2003,51.65942331,flood
Netherlands,2003,52.34271948,flood
Netherlands,2003,53.23949281,flood
Netherlands,2003,52.74205355,flood
Netherlands,2004,51.65942331,flood
Netherlands,2004,52.34271948,flood
Netherlands,2004,53.23949281,flood
Netherlands,2004,52.74205355,flood
Netherlands,2005,51.65942331,flood
Netherlands,2005,52.34271948,flood
Netherlands,2005,53.23949281,flood
Netherlands,2005,52.74205355,flood
Netherlands,2006,51.65942331,flood
Netherlands,2006,52.34271948,flood
Netherlands,2006,53.23949281,flood
Netherlands,2006,52.74205355,flood
Netherlands,2007,51.65942331,flood
Netherlands,2007,52.34271948,flood
Netherlands,2007,53.23949281,flood
Netherlands,2007,52.74205355,flood
Netherlands,2008,51.65942331,flood
Netherlands,2008,52.34271948,flood
Netherlands,2008,53.23949281,flood
Netherlands,2008,52.74205355,flood
Netherlands,2009,51.65942331,flood
Netherlands,2009,52.34271948,flood
Netherlands,2009,53.23949281,flood
Netherlands,2009,52.74205355,flood
Netherlands,2010,51.65942331,flood
Netherlands,2010,52.34271948,flood
Netherlands,2010,53.23949281,flood
Netherlands,2010,52.74205355,flood
Netherlands,2011,51.65942331,flood
Netherlands,2011,52.34271948,flood
Netherlands,2011,53.23949281,flood
Netherlands,2011,52.74205355,flood
Netherlands,2012,51.65942331,flood
Netherlands,2012,52.34271948,flood
Netherlands,2012,53.23949281,flood
Netherlands,2012,52.74205355,flood
Netherlands,2013,51.65942331,flood
Netherlands,2013,52.34271948,flood
Netherlands,2013,53.23949281,flood
Netherlands,2013,52.74205355,flood
Netherlands,2014,51.65942331,flood
Netherlands,2014,52.34271948,flood
Netherlands,2014,53.23949281,flood
Netherlands,2014,52.74205355,flood
Netherlands,2015,51.65942331,flood
Netherlands,2015,52.34271948,flood
Netherlands,2015,53.23949281,flood
Netherlands,2015,52.74205355,flood
Netherlands,2016,51.65942331,flood
Netherlands,2016,52.34271948,flood
Netherlands,2016,53.23949281,flood
Netherlands,2016,52.74205355,flood
Netherlands,2017,51.65942331,flood
Netherlands,2017,52.34271948,flood
Netherlands,2017,53.23949281,flood
Netherlands,2017,52.74205355,flood
Netherlands,2018,51.65942331,flood
Netherlands,2018,52.34271948,flood
Netherlands,2018,53.23949281,flood
Netherlands,2018,52.74205355,flood
Netherlands,2019,51.65942331,flood
Netherlands,2019,52.34271948,flood
Netherlands,2019,53.23949281,flood
Netherlands,2019,52.74205355,flood
Netherlands,2020,51.65942331,flood
Netherlands,2020,52.34271948,flood
Netherlands,2020,53.23949281,flood
Netherlands,2020,52.74205355,flood
New Zealand,2001,0.15718518,flood
New Zealand,2001,0.150432159,flood
New Zealand,2001,0.152511004,flood
New Zealand,2001,0.154966617,flood
New Zealand,2002,0.15718518,flood
New Zealand,2002,0.150432159,flood
New Zealand,2002,0.152511004,flood
New Zealand,2002,0.154966617,flood
New Zealand,2003,0.15718518,flood
New Zealand,2003,0.150432159,flood
New Zealand,2003,0.152511004,flood
New Zealand,2003,0.154966617,flood
New Zealand,2004,0.15718518,flood
New Zealand,2004,0.150432159,flood
New Zealand,2004,0.152511004,flood
New Zealand,2004,0.154966617,flood
New Zealand,2005,0.15718518,flood
New Zealand,2005,0.150432159,flood
New Zealand,2005,0.152511004,flood
New Zealand,2005,0.154966617,flood
New Zealand,2006,0.15718518,flood
New Zealand,2006,0.150432159,flood
New Zealand,2006,0.152511004,flood
New Zealand,2006,0.154966617,flood
New Zealand,2007,0.15718518,flood
New Zealand,2007,0.150432159,flood
New Zealand,2007,0.152511004,flood
New Zealand,2007,0.154966617,flood
New Zealand,2008,0.15718518,flood
New Zealand,2008,0.150432159,flood
New Zealand,2008,0.152511004,flood
New Zealand,2008,0.154966617,flood
New Zealand,2009,0.15718518,flood
New Zealand,2009,0.150432159,flood
New Zealand,2009,0.152511004,flood
New Zealand,2009,0.154966617,flood
New Zealand,2010,0.15718518,flood
New Zealand,2010,0.150432159,flood
New Zealand,2010,0.152511004,flood
New Zealand,2010,0.154966617,flood
New Zealand,2011,0.15718518,flood
New Zealand,2011,0.150432159,flood
New Zealand,2011,0.152511004,flood
New Zealand,2011,0.154966617,flood
New Zealand,2012,0.15718518,flood
New Zealand,2012,0.150432159,flood
New Zealand,2012,0.152511004,flood
New Zealand,2012,0.154966617,flood
New Zealand,2013,0.15718518,flood
New Zealand,2013,0.150432159,flood
New Zealand,2013,0.152511004,flood
New Zealand,2013,0.154966617,flood
New Zealand,2014,0.15718518,flood
New Zealand,2014,0.150432159,flood
New Zealand,2014,0.152511004,flood
New Zealand,2014,0.154966617,flood
New Zealand,2015,0.15718518,flood
New Zealand,2015,0.150432159,flood
New Zealand,2015,0.152511004,flood
New Zealand,2015,0.154966617,flood
New Zealand,2016,0.15718518,flood
New Zealand,2016,0.150432159,flood
New Zealand,2016,0.152511004,flood
New Zealand,2016,0.154966617,flood
New Zealand,2017,0.15718518,flood
New Zealand,2017,0.150432159,flood
New Zealand,2017,0.152511004,flood
New Zealand,2017,0.154966617,flood
New Zealand,2018,0.15718518,flood
New Zealand,2018,0.150432159,flood
New Zealand,2018,0.152511004,flood
New Zealand,2018,0.154966617,flood
New Zealand,2019,0.15718518,flood
New Zealand,2019,0.150432159,flood
New Zealand,2019,0.152511004,flood
New Zealand,2019,0.154966617,flood
New Zealand,2020,0.15718518,flood
New Zealand,2020,0.150432159,flood
New Zealand,2020,0.152511004,flood
New Zealand,2020,0.154966617,flood
Norway,2001,0.655420916,flood
Norway,2001,0.654801369,flood
Norway,2001,0.655306475,flood
Norway,2001,0.654158861,flood
Norway,2002,0.655420916,flood
Norway,2002,0.654801369,flood
Norway,2002,0.655306475,flood
Norway,2002,0.654158861,flood
Norway,2003,0.655420916,flood
Norway,2003,0.654801369,flood
Norway,2003,0.655306475,flood
Norway,2003,0.654158861,flood
Norway,2004,0.655420916,flood
Norway,2004,0.654801369,flood
Norway,2004,0.655306475,flood
Norway,2004,0.654158861,flood
Norway,2005,0.655420916,flood
Norway,2005,0.654801369,flood
Norway,2005,0.655306475,flood
Norway,2005,0.654158861,flood
Norway,2006,0.655420916,flood
Norway,2006,0.654801369,flood
Norway,2006,0.655306475,flood
Norway,2006,0.654158861,flood
Norway,2007,0.655420916,flood
Norway,2007,0.654801369,flood
Norway,2007,0.655306475,flood
Norway,2007,0.654158861,flood
Norway,2008,0.655420916,flood
Norway,2008,0.654801369,flood
Norway,2008,0.655306475,flood
Norway,2008,0.654158861,flood
Norway,2009,0.655420916,flood
Norway,2009,0.654801369,flood
Norway,2009,0.655306475,flood
Norway,2009,0.654158861,flood
Norway,2010,0.655420916,flood
Norway,2010,0.654801369,flood
Norway,2010,0.655306475,flood
Norway,2010,0.654158861,flood
Norway,2011,0.655420916,flood
Norway,2011,0.654801369,flood
Norway,2011,0.655306475,flood
Norway,2011,0.654158861,flood
Norway,2012,0.655420916,flood
Norway,2012,0.654801369,flood
Norway,2012,0.655306475,flood
Norway,2012,0.654158861,flood
Norway,2013,0.655420916,flood
Norway,2013,0.654801369,flood
Norway,2013,0.655306475,flood
Norway,2013,0.654158861,flood
Norway,2014,0.655420916,flood
Norway,2014,0.654801369,flood
Norway,2014,0.655306475,flood
Norway,2014,0.654158861,flood
Norway,2015,0.655420916,flood
Norway,2015,0.654801369,flood
Norway,2015,0.655306475,flood
Norway,2015,0.654158861,flood
Norway,2016,0.655420916,flood
Norway,2016,0.654801369,flood
Norway,2016,0.655306475,flood
Norway,2016,0.654158861,flood
Norway,2017,0.655420916,flood
Norway,2017,0.654801369,flood
Norway,2017,0.655306475,flood
Norway,2017,0.654158861,flood
Norway,2018,0.655420916,flood
Norway,2018,0.654801369,flood
Norway,2018,0.655306475,flood
Norway,2018,0.654158861,flood
Norway,2019,0.655420916,flood
Norway,2019,0.654801369,flood
Norway,2019,0.655306475,flood
Norway,2019,0.654158861,flood
Norway,2020,0.655420916,flood
Norway,2020,0.654801369,flood
Norway,2020,0.655306475,flood
Norway,2020,0.654158861,flood
OECD - Europe,2001,1.22408249,flood
OECD - Europe,2001,1.152515376,flood
OECD - Europe,2001,1.245263007,flood
OECD - Europe,2001,1.197538185,flood
OECD - Europe,2002,1.22408249,flood
OECD - Europe,2002,1.152515376,flood
OECD - Europe,2002,1.245263007,flood
OECD - Europe,2002,1.197538185,flood
OECD - Europe,2003,1.22408249,flood
OECD - Europe,2003,1.152515376,flood
OECD - Europe,2003,1.245263007,flood
OECD - Europe,2003,1.197538185,flood
OECD - Europe,2004,1.22408249,flood
OECD - Europe,2004,1.152515376,flood
OECD - Europe,2004,1.245263007,flood
OECD - Europe,2004,1.197538185,flood
OECD - Europe,2005,1.22408249,flood
OECD - Europe,2005,1.152515376,flood
OECD - Europe,2005,1.245263007,flood
OECD - Europe,2005,1.197538185,flood
OECD - Europe,2006,1.22408249,flood
OECD - Europe,2006,1.152515376,flood
OECD - Europe,2006,1.245263007,flood
OECD - Europe,2006,1.197538185,flood
OECD - Europe,2007,1.22408249,flood
OECD - Europe,2007,1.152515376,flood
OECD - Europe,2007,1.245263007,flood
OECD - Europe,2007,1.197538185,flood
OECD - Europe,2008,1.22408249,flood
OECD - Europe,2008,1.152515376,flood
OECD - Europe,2008,1.245263007,flood
OECD - Europe,2008,1.197538185,flood
OECD - Europe,2009,1.22408249,flood
OECD - Europe,2009,1.152515376,flood
OECD - Europe,2009,1.245263007,flood
OECD - Europe,2009,1.197538185,flood
OECD - Europe,2010,1.22408249,flood
OECD - Europe,2010,1.152515376,flood
OECD - Europe,2010,1.245263007,flood
OECD - Europe,2010,1.197538185,flood
OECD - Europe,2011,1.22408249,flood
OECD - Europe,2011,1.152515376,flood
OECD - Europe,2011,1.245263007,flood
OECD - Europe,2011,1.197538185,flood
OECD - Europe,2012,1.22408249,flood
OECD - Europe,2012,1.152515376,flood
OECD - Europe,2012,1.245263007,flood
OECD - Europe,2012,1.197538185,flood
OECD - Europe,2013,1.22408249,flood
OECD - Europe,2013,1.152515376,flood
OECD - Europe,2013,1.245263007,flood
OECD - Europe,2013,1.197538185,flood
OECD - Europe,2014,1.22408249,flood
OECD - Europe,2014,1.152515376,flood
OECD - Europe,2014,1.245263007,flood
OECD - Europe,2014,1.197538185,flood
OECD - Europe,2015,1.22408249,flood
OECD - Europe,2015,1.152515376,flood
OECD - Europe,2015,1.245263007,flood
OECD - Europe,2015,1.197538185,flood
OECD - Europe,2016,1.22408249,flood
OECD - Europe,2016,1.152515376,flood
OECD - Europe,2016,1.245263007,flood
OECD - Europe,2016,1.197538185,flood
OECD - Europe,2017,1.22408249,flood
OECD - Europe,2017,1.152515376,flood
OECD - Europe,2017,1.245263007,flood
OECD - Europe,2017,1.197538185,flood
OECD - Europe,2018,1.22408249,flood
OECD - Europe,2018,1.152515376,flood
OECD - Europe,2018,1.245263007,flood
OECD - Europe,2018,1.197538185,flood
OECD - Europe,2019,1.22408249,flood
OECD - Europe,2019,1.152515376,flood
OECD - Europe,2019,1.245263007,flood
OECD - Europe,2019,1.197538185,flood
OECD - Europe,2020,1.22408249,flood
OECD - Europe,2020,1.152515376,flood
OECD - Europe,2020,1.245263007,flood
OECD - Europe,2020,1.197538185,flood
OECD - Total,2001,0.511281568,flood
OECD - Total,2001,0.537604411,flood
OECD - Total,2001,0.571085258,flood
OECD - Total,2001,0.557681241,flood
OECD - Total,2002,0.511281568,flood
OECD - Total,2002,0.537604411,flood
OECD - Total,2002,0.571085258,flood
OECD - Total,2002,0.557681241,flood
OECD - Total,2003,0.511281568,flood
OECD - Total,2003,0.537604411,flood
OECD - Total,2003,0.571085258,flood
OECD - Total,2003,0.557681241,flood
OECD - Total,2004,0.511281568,flood
OECD - Total,2004,0.537604411,flood
OECD - Total,2004,0.571085258,flood
OECD - Total,2004,0.557681241,flood
OECD - Total,2005,0.511281568,flood
OECD - Total,2005,0.537604411,flood
OECD - Total,2005,0.571085258,flood
OECD - Total,2005,0.557681241,flood
OECD - Total,2006,0.511281568,flood
OECD - Total,2006,0.537604411,flood
OECD - Total,2006,0.571085258,flood
OECD - Total,2006,0.557681241,flood
OECD - Total,2007,0.511281568,flood
OECD - Total,2007,0.537604411,flood
OECD - Total,2007,0.571085258,flood
OECD - Total,2007,0.557681241,flood
OECD - Total,2008,0.511281568,flood
OECD - Total,2008,0.537604411,flood
OECD - Total,2008,0.571085258,flood
OECD - Total,2008,0.557681241,flood
OECD - Total,2009,0.511281568,flood
OECD - Total,2009,0.537604411,flood
OECD - Total,2009,0.571085258,flood
OECD - Total,2009,0.557681241,flood
OECD - Total,2010,0.511281568,flood
OECD - Total,2010,0.537604411,flood
OECD - Total,2010,0.571085258,flood
OECD - Total,2010,0.557681241,flood
OECD - Total,2011,0.511281568,flood
OECD - Total,2011,0.537604411,flood
OECD - Total,2011,0.571085258,flood
OECD - Total,2011,0.557681241,flood
OECD - Total,2012,0.511281568,flood
OECD - Total,2012,0.537604411,flood
OECD - Total,2012,0.571085258,flood
OECD - Total,2012,0.557681241,flood
OECD - Total,2013,0.511281568,flood
OECD - Total,2013,0.537604411,flood
OECD - Total,2013,0.571085258,flood
OECD - Total,2013,0.557681241,flood
OECD - Total,2014,0.511281568,flood
OECD - Total,2014,0.537604411,flood
OECD - Total,2014,0.571085258,flood
OECD - Total,2014,0.557681241,flood
OECD - Total,2015,0.511281568,flood
OECD - Total,2015,0.537604411,flood
OECD - Total,2015,0.571085258,flood
OECD - Total,2015,0.557681241,flood
OECD - Total,2016,0.511281568,flood
OECD - Total,2016,0.537604411,flood
OECD - Total,2016,0.571085258,flood
OECD - Total,2016,0.557681241,flood
OECD - Total,2017,0.511281568,flood
OECD - Total,2017,0.537604411,flood
OECD - Total,2017,0.571085258,flood
OECD - Total,2017,0.557681241,flood
OECD - Total,2018,0.511281568,flood
OECD - Total,2018,0.537604411,flood
OECD - Total,2018,0.571085258,flood
OECD - Total,2018,0.557681241,flood
OECD - Total,2019,0.511281568,flood
OECD - Total,2019,0.537604411,flood
OECD - Total,2019,0.571085258,flood
OECD - Total,2019,0.557681241,flood
OECD - Total,2020,0.511281568,flood
OECD - Total,2020,0.537604411,flood
OECD - Total,2020,0.571085258,flood
OECD - Total,2020,0.557681241,flood
Poland,2001,0.744149058,flood
Poland,2001,0.688777696,flood
Poland,2001,0.737918878,flood
Poland,2001,0.679705582,flood
Poland,2002,0.744149058,flood
Poland,2002,0.688777696,flood
Poland,2002,0.737918878,flood
Poland,2002,0.679705582,flood
Poland,2003,0.744149058,flood
Poland,2003,0.688777696,flood
Poland,2003,0.737918878,flood
Poland,2003,0.679705582,flood
Poland,2004,0.744149058,flood
Poland,2004,0.688777696,flood
Poland,2004,0.737918878,flood
Poland,2004,0.679705582,flood
Poland,2005,0.744149058,flood
Poland,2005,0.688777696,flood
Poland,2005,0.737918878,flood
Poland,2005,0.679705582,flood
Poland,2006,0.744149058,flood
Poland,2006,0.688777696,flood
Poland,2006,0.737918878,flood
Poland,2006,0.679705582,flood
Poland,2007,0.744149058,flood
Poland,2007,0.688777696,flood
Poland,2007,0.737918878,flood
Poland,2007,0.679705582,flood
Poland,2008,0.744149058,flood
Poland,2008,0.688777696,flood
Poland,2008,0.737918878,flood
Poland,2008,0.679705582,flood
Poland,2009,0.744149058,flood
Poland,2009,0.688777696,flood
Poland,2009,0.737918878,flood
Poland,2009,0.679705582,flood
Poland,2010,0.744149058,flood
Poland,2010,0.688777696,flood
Poland,2010,0.737918878,flood
Poland,2010,0.679705582,flood
Poland,2011,0.744149058,flood
Poland,2011,0.688777696,flood
Poland,2011,0.737918878,flood
Poland,2011,0.679705582,flood
Poland,2012,0.744149058,flood
Poland,2012,0.688777696,flood
Poland,2012,0.737918878,flood
Poland,2012,0.679705582,flood
Poland,2013,0.744149058,flood
Poland,2013,0.688777696,flood
Poland,2013,0.737918878,flood
Poland,2013,0.679705582,flood
Poland,2014,0.744149058,flood
Poland,2014,0.688777696,flood
Poland,2014,0.737918878,flood
Poland,2014,0.679705582,flood
Poland,2015,0.744149058,flood
Poland,2015,0.688777696,flood
Poland,2015,0.737918878,flood
Poland,2015,0.679705582,flood
Poland,2016,0.744149058,flood
Poland,2016,0.688777696,flood
Poland,2016,0.737918878,flood
Poland,2016,0.679705582,flood
Poland,2017,0.744149058,flood
Poland,2017,0.688777696,flood
Poland,2017,0.737918878,flood
Poland,2017,0.679705582,flood
Poland,2018,0.744149058,flood
Poland,2018,0.688777696,flood
Poland,2018,0.737918878,flood
Poland,2018,0.679705582,flood
Poland,2019,0.744149058,flood
Poland,2019,0.688777696,flood
Poland,2019,0.737918878,flood
Poland,2019,0.679705582,flood
Poland,2020,0.744149058,flood
Poland,2020,0.688777696,flood
Poland,2020,0.737918878,flood
Poland,2020,0.679705582,flood
Portugal,2001,0.13129395,flood
Portugal,2001,0.126394424,flood
Portugal,2001,0.134559898,flood
Portugal,2001,0.121619618,flood
Portugal,2002,0.13129395,flood
Portugal,2002,0.126394424,flood
Portugal,2002,0.134559898,flood
Portugal,2002,0.121619618,flood
Portugal,2003,0.13129395,flood
Portugal,2003,0.126394424,flood
Portugal,2003,0.134559898,flood
Portugal,2003,0.121619618,flood
Portugal,2004,0.13129395,flood
Portugal,2004,0.126394424,flood
Portugal,2004,0.134559898,flood
Portugal,2004,0.121619618,flood
Portugal,2005,0.13129395,flood
Portugal,2005,0.126394424,flood
Portugal,2005,0.134559898,flood
Portugal,2005,0.121619618,flood
Portugal,2006,0.13129395,flood
Portugal,2006,0.126394424,flood
Portugal,2006,0.134559898,flood
Portugal,2006,0.121619618,flood
Portugal,2007,0.13129395,flood
Portugal,2007,0.126394424,flood
Portugal,2007,0.134559898,flood
Portugal,2007,0.121619618,flood
Portugal,2008,0.13129395,flood
Portugal,2008,0.126394424,flood
Portugal,2008,0.134559898,flood
Portugal,2008,0.121619618,flood
Portugal,2009,0.13129395,flood
Portugal,2009,0.126394424,flood
Portugal,2009,0.134559898,flood
Portugal,2009,0.121619618,flood
Portugal,2010,0.13129395,flood
Portugal,2010,0.126394424,flood
Portugal,2010,0.134559898,flood
Portugal,2010,0.121619618,flood
Portugal,2011,0.13129395,flood
Portugal,2011,0.126394424,flood
Portugal,2011,0.134559898,flood
Portugal,2011,0.121619618,flood
Portugal,2012,0.13129395,flood
Portugal,2012,0.126394424,flood
Portugal,2012,0.134559898,flood
Portugal,2012,0.121619618,flood
Portugal,2013,0.13129395,flood
Portugal,2013,0.126394424,flood
Portugal,2013,0.134559898,flood
Portugal,2013,0.121619618,flood
Portugal,2014,0.13129395,flood
Portugal,2014,0.126394424,flood
Portugal,2014,0.134559898,flood
Portugal,2014,0.121619618,flood
Portugal,2015,0.13129395,flood
Portugal,2015,0.126394424,flood
Portugal,2015,0.134559898,flood
Portugal,2015,0.121619618,flood
Portugal,2016,0.13129395,flood
Portugal,2016,0.126394424,flood
Portugal,2016,0.134559898,flood
Portugal,2016,0.121619618,flood
Portugal,2017,0.13129395,flood
Portugal,2017,0.126394424,flood
Portugal,2017,0.134559898,flood
Portugal,2017,0.121619618,flood
Portugal,2018,0.13129395,flood
Portugal,2018,0.126394424,flood
Portugal,2018,0.134559898,flood
Portugal,2018,0.121619618,flood
Portugal,2019,0.13129395,flood
Portugal,2019,0.126394424,flood
Portugal,2019,0.134559898,flood
Portugal,2019,0.121619618,flood
Portugal,2020,0.13129395,flood
Portugal,2020,0.126394424,flood
Portugal,2020,0.134559898,flood
Portugal,2020,0.121619618,flood
Russia,2001,0.222270317,flood
Russia,2001,0.277874303,flood
Russia,2001,0.163412039,flood
Russia,2001,0.256526286,flood
Russia,2002,0.222270317,flood
Russia,2002,0.277874303,flood
Russia,2002,0.163412039,flood
Russia,2002,0.256526286,flood
Russia,2003,0.222270317,flood
Russia,2003,0.277874303,flood
Russia,2003,0.163412039,flood
Russia,2003,0.256526286,flood
Russia,2004,0.222270317,flood
Russia,2004,0.277874303,flood
Russia,2004,0.163412039,flood
Russia,2004,0.256526286,flood
Russia,2005,0.222270317,flood
Russia,2005,0.277874303,flood
Russia,2005,0.163412039,flood
Russia,2005,0.256526286,flood
Russia,2006,0.222270317,flood
Russia,2006,0.277874303,flood
Russia,2006,0.163412039,flood
Russia,2006,0.256526286,flood
Russia,2007,0.222270317,flood
Russia,2007,0.277874303,flood
Russia,2007,0.163412039,flood
Russia,2007,0.256526286,flood
Russia,2008,0.222270317,flood
Russia,2008,0.277874303,flood
Russia,2008,0.163412039,flood
Russia,2008,0.256526286,flood
Russia,2009,0.222270317,flood
Russia,2009,0.277874303,flood
Russia,2009,0.163412039,flood
Russia,2009,0.256526286,flood
Russia,2010,0.222270317,flood
Russia,2010,0.277874303,flood
Russia,2010,0.163412039,flood
Russia,2010,0.256526286,flood
Russia,2011,0.222270317,flood
Russia,2011,0.277874303,flood
Russia,2011,0.163412039,flood
Russia,2011,0.256526286,flood
Russia,2012,0.222270317,flood
Russia,2012,0.277874303,flood
Russia,2012,0.163412039,flood
Russia,2012,0.256526286,flood
Russia,2013,0.222270317,flood
Russia,2013,0.277874303,flood
Russia,2013,0.163412039,flood
Russia,2013,0.256526286,flood
Russia,2014,0.222270317,flood
Russia,2014,0.277874303,flood
Russia,2014,0.163412039,flood
Russia,2014,0.256526286,flood
Russia,2015,0.222270317,flood
Russia,2015,0.277874303,flood
Russia,2015,0.163412039,flood
Russia,2015,0.256526286,flood
Russia,2016,0.222270317,flood
Russia,2016,0.277874303,flood
Russia,2016,0.163412039,flood
Russia,2016,0.256526286,flood
Russia,2017,0.222270317,flood
Russia,2017,0.277874303,flood
Russia,2017,0.163412039,flood
Russia,2017,0.256526286,flood
Russia,2018,0.222270317,flood
Russia,2018,0.277874303,flood
Russia,2018,0.163412039,flood
Russia,2018,0.256526286,flood
Russia,2019,0.222270317,flood
Russia,2019,0.277874303,flood
Russia,2019,0.163412039,flood
Russia,2019,0.256526286,flood
Russia,2020,0.222270317,flood
Russia,2020,0.277874303,flood
Russia,2020,0.163412039,flood
Russia,2020,0.256526286,flood
Slovenia,2001,0.011116202,flood
Slovenia,2001,0.011116202,flood
Slovenia,2001,0.011116202,flood
Slovenia,2001,0.011116202,flood
Slovenia,2002,0.011116202,flood
Slovenia,2002,0.011116202,flood
Slovenia,2002,0.011116202,flood
Slovenia,2002,0.011116202,flood
Slovenia,2003,0.011116202,flood
Slovenia,2003,0.011116202,flood
Slovenia,2003,0.011116202,flood
Slovenia,2003,0.011116202,flood
Slovenia,2004,0.011116202,flood
Slovenia,2004,0.011116202,flood
Slovenia,2004,0.011116202,flood
Slovenia,2004,0.011116202,flood
Slovenia,2005,0.011116202,flood
Slovenia,2005,0.011116202,flood
Slovenia,2005,0.011116202,flood
Slovenia,2005,0.011116202,flood
Slovenia,2006,0.011116202,flood
Slovenia,2006,0.011116202,flood
Slovenia,2006,0.011116202,flood
Slovenia,2006,0.011116202,flood
Slovenia,2007,0.011116202,flood
Slovenia,2007,0.011116202,flood
Slovenia,2007,0.011116202,flood
Slovenia,2007,0.011116202,flood
Slovenia,2008,0.011116202,flood
Slovenia,2008,0.011116202,flood
Slovenia,2008,0.011116202,flood
Slovenia,2008,0.011116202,flood
Slovenia,2009,0.011116202,flood
Slovenia,2009,0.011116202,flood
Slovenia,2009,0.011116202,flood
Slovenia,2009,0.011116202,flood
Slovenia,2010,0.011116202,flood
Slovenia,2010,0.011116202,flood
Slovenia,2010,0.011116202,flood
Slovenia,2010,0.011116202,flood
Slovenia,2011,0.011116202,flood
Slovenia,2011,0.011116202,flood
Slovenia,2011,0.011116202,flood
Slovenia,2011,0.011116202,flood
Slovenia,2012,0.011116202,flood
Slovenia,2012,0.011116202,flood
Slovenia,2012,0.011116202,flood
Slovenia,2012,0.011116202,flood
Slovenia,2013,0.011116202,flood
Slovenia,2013,0.011116202,flood
Slovenia,2013,0.011116202,flood
Slovenia,2013,0.011116202,flood
Slovenia,2014,0.011116202,flood
Slovenia,2014,0.011116202,flood
Slovenia,2014,0.011116202,flood
Slovenia,2014,0.011116202,flood
Slovenia,2015,0.011116202,flood
Slovenia,2015,0.011116202,flood
Slovenia,2015,0.011116202,flood
Slovenia,2015,0.011116202,flood
Slovenia,2016,0.011116202,flood
Slovenia,2016,0.011116202,flood
Slovenia,2016,0.011116202,flood
Slovenia,2016,0.011116202,flood
Slovenia,2017,0.011116202,flood
Slovenia,2017,0.011116202,flood
Slovenia,2017,0.011116202,flood
Slovenia,2017,0.011116202,flood
Slovenia,2018,0.011116202,flood
Slovenia,2018,0.011116202,flood
Slovenia,2018,0.011116202,flood
Slovenia,2018,0.011116202,flood
Slovenia,2019,0.011116202,flood
Slovenia,2019,0.011116202,flood
Slovenia,2019,0.011116202,flood
Slovenia,2019,0.011116202,flood
Slovenia,2020,0.011116202,flood
Slovenia,2020,0.011116202,flood
Slovenia,2020,0.011116202,flood
Slovenia,2020,0.011116202,flood
Spain,2001,0.066214447,flood
Spain,2001,0.066749687,flood
Spain,2001,0.065430065,flood
Spain,2001,0.06408973,flood
Spain,2002,0.066214447,flood
Spain,2002,0.066749687,flood
Spain,2002,0.065430065,flood
Spain,2002,0.06408973,flood
Spain,2003,0.066214447,flood
Spain,2003,0.066749687,flood
Spain,2003,0.065430065,flood
Spain,2003,0.06408973,flood
Spain,2004,0.066214447,flood
Spain,2004,0.066749687,flood
Spain,2004,0.065430065,flood
Spain,2004,0.06408973,flood
Spain,2005,0.066214447,flood
Spain,2005,0.066749687,flood
Spain,2005,0.065430065,flood
Spain,2005,0.06408973,flood
Spain,2006,0.066214447,flood
Spain,2006,0.066749687,flood
Spain,2006,0.065430065,flood
Spain,2006,0.06408973,flood
Spain,2007,0.066214447,flood
Spain,2007,0.066749687,flood
Spain,2007,0.065430065,flood
Spain,2007,0.06408973,flood
Spain,2008,0.066214447,flood
Spain,2008,0.066749687,flood
Spain,2008,0.065430065,flood
Spain,2008,0.06408973,flood
Spain,2009,0.066214447,flood
Spain,2009,0.066749687,flood
Spain,2009,0.065430065,flood
Spain,2009,0.06408973,flood
Spain,2010,0.066214447,flood
Spain,2010,0.066749687,flood
Spain,2010,0.065430065,flood
Spain,2010,0.06408973,flood
Spain,2011,0.066214447,flood
Spain,2011,0.066749687,flood
Spain,2011,0.065430065,flood
Spain,2011,0.06408973,flood
Spain,2012,0.066214447,flood
Spain,2012,0.066749687,flood
Spain,2012,0.065430065,flood
Spain,2012,0.06408973,flood
Spain,2013,0.066214447,flood
Spain,2013,0.066749687,flood
Spain,2013,0.065430065,flood
Spain,2013,0.06408973,flood
Spain,2014,0.066214447,flood
Spain,2014,0.066749687,flood
Spain,2014,0.065430065,flood
Spain,2014,0.06408973,flood
Spain,2015,0.066214447,flood
Spain,2015,0.066749687,flood
Spain,2015,0.065430065,flood
Spain,2015,0.06408973,flood
Spain,2016,0.066214447,flood
Spain,2016,0.066749687,flood
Spain,2016,0.065430065,flood
Spain,2016,0.06408973,flood
Spain,2017,0.066214447,flood
Spain,2017,0.066749687,flood
Spain,2017,0.065430065,flood
Spain,2017,0.06408973,flood
Spain,2018,0.066214447,flood
Spain,2018,0.066749687,flood
Spain,2018,0.065430065,flood
Spain,2018,0.06408973,flood
Spain,2019,0.066214447,flood
Spain,2019,0.066749687,flood
Spain,2019,0.065430065,flood
Spain,2019,0.06408973,flood
Spain,2020,0.066214447,flood
Spain,2020,0.066749687,flood
Spain,2020,0.065430065,flood
Spain,2020,0.06408973,flood
Sweden,2001,0.178660725,flood
Sweden,2001,0.177331481,flood
Sweden,2001,0.174836236,flood
Sweden,2001,0.16698899,flood
Sweden,2002,0.178660725,flood
Sweden,2002,0.177331481,flood
Sweden,2002,0.174836236,flood
Sweden,2002,0.16698899,flood
Sweden,2003,0.178660725,flood
Sweden,2003,0.177331481,flood
Sweden,2003,0.174836236,flood
Sweden,2003,0.16698899,flood
Sweden,2004,0.178660725,flood
Sweden,2004,0.177331481,flood
Sweden,2004,0.174836236,flood
Sweden,2004,0.16698899,flood
Sweden,2005,0.178660725,flood
Sweden,2005,0.177331481,flood
Sweden,2005,0.174836236,flood
Sweden,2005,0.16698899,flood
Sweden,2006,0.178660725,flood
Sweden,2006,0.177331481,flood
Sweden,2006,0.174836236,flood
Sweden,2006,0.16698899,flood
Sweden,2007,0.178660725,flood
Sweden,2007,0.177331481,flood
Sweden,2007,0.174836236,flood
Sweden,2007,0.16698899,flood
Sweden,2008,0.178660725,flood
Sweden,2008,0.177331481,flood
Sweden,2008,0.174836236,flood
Sweden,2008,0.16698899,flood
Sweden,2009,0.178660725,flood
Sweden,2009,0.177331481,flood
Sweden,2009,0.174836236,flood
Sweden,2009,0.16698899,flood
Sweden,2010,0.178660725,flood
Sweden,2010,0.177331481,flood
Sweden,2010,0.174836236,flood
Sweden,2010,0.16698899,flood
Sweden,2011,0.178660725,flood
Sweden,2011,0.177331481,flood
Sweden,2011,0.174836236,flood
Sweden,2011,0.16698899,flood
Sweden,2012,0.178660725,flood
Sweden,2012,0.177331481,flood
Sweden,2012,0.174836236,flood
Sweden,2012,0.16698899,flood
Sweden,2013,0.178660725,flood
Sweden,2013,0.177331481,flood
Sweden,2013,0.174836236,flood
Sweden,2013,0.16698899,flood
Sweden,2014,0.178660725,flood
Sweden,2014,0.177331481,flood
Sweden,2014,0.174836236,flood
Sweden,2014,0.16698899,flood
Sweden,2015,0.178660725,flood
Sweden,2015,0.177331481,flood
Sweden,2015,0.174836236,flood
Sweden,2015,0.16698899,flood
Sweden,2016,0.178660725,flood
Sweden,2016,0.177331481,flood
Sweden,2016,0.174836236,flood
Sweden,2016,0.16698899,flood
Sweden,2017,0.178660725,flood
Sweden,2017,0.177331481,flood
Sweden,2017,0.174836236,flood
Sweden,2017,0.16698899,flood
Sweden,2018,0.178660725,flood
Sweden,2018,0.177331481,flood
Sweden,2018,0.174836236,flood
Sweden,2018,0.16698899,flood
Sweden,2019,0.178660725,flood
Sweden,2019,0.177331481,flood
Sweden,2019,0.174836236,flood
Sweden,2019,0.16698899,flood
Sweden,2020,0.178660725,flood
Sweden,2020,0.177331481,flood
Sweden,2020,0.174836236,flood
Sweden,2020,0.16698899,flood
Trkiye,2001,0.016539868,flood
Trkiye,2001,0.018339235,flood
Trkiye,2001,0.017026564,flood
Trkiye,2001,0.017851333,flood
Trkiye,2002,0.016539868,flood
Trkiye,2002,0.018339235,flood
Trkiye,2002,0.017026564,flood
Trkiye,2002,0.017851333,flood
Trkiye,2003,0.016539868,flood
Trkiye,2003,0.018339235,flood
Trkiye,2003,0.017026564,flood
Trkiye,2003,0.017851333,flood
Trkiye,2004,0.016539868,flood
Trkiye,2004,0.018339235,flood
Trkiye,2004,0.017026564,flood
Trkiye,2004,0.017851333,flood
Trkiye,2005,0.016539868,flood
Trkiye,2005,0.018339235,flood
Trkiye,2005,0.017026564,flood
Trkiye,2005,0.017851333,flood
Trkiye,2006,0.016539868,flood
Trkiye,2006,0.018339235,flood
Trkiye,2006,0.017026564,flood
Trkiye,2006,0.017851333,flood
Trkiye,2007,0.016539868,flood
Trkiye,2007,0.018339235,flood
Trkiye,2007,0.017026564,flood
Trkiye,2007,0.017851333,flood
Trkiye,2008,0.016539868,flood
Trkiye,2008,0.018339235,flood
Trkiye,2008,0.017026564,flood
Trkiye,2008,0.017851333,flood
Trkiye,2009,0.016539868,flood
Trkiye,2009,0.018339235,flood
Trkiye,2009,0.017026564,flood
Trkiye,2009,0.017851333,flood
Trkiye,2010,0.016539868,flood
Trkiye,2010,0.018339235,flood
Trkiye,2010,0.017026564,flood
Trkiye,2010,0.017851333,flood
Trkiye,2011,0.016539868,flood
Trkiye,2011,0.018339235,flood
Trkiye,2011,0.017026564,flood
Trkiye,2011,0.017851333,flood
Trkiye,2012,0.016539868,flood
Trkiye,2012,0.018339235,flood
Trkiye,2012,0.017026564,flood
Trkiye,2012,0.017851333,flood
Trkiye,2013,0.016539868,flood
Trkiye,2013,0.018339235,flood
Trkiye,2013,0.017026564,flood
Trkiye,2013,0.017851333,flood
Trkiye,2014,0.016539868,flood
Trkiye,2014,0.018339235,flood
Trkiye,2014,0.017026564,flood
Trkiye,2014,0.017851333,flood
Trkiye,2015,0.016539868,flood
Trkiye,2015,0.018339235,flood
Trkiye,2015,0.017026564,flood
Trkiye,2015,0.017851333,flood
Trkiye,2016,0.016539868,flood
Trkiye,2016,0.018339235,flood
Trkiye,2016,0.017026564,flood
Trkiye,2016,0.017851333,flood
Trkiye,2017,0.016539868,flood
Trkiye,2017,0.018339235,flood
Trkiye,2017,0.017026564,flood
Trkiye,2017,0.017851333,flood
Trkiye,2018,0.016539868,flood
Trkiye,2018,0.018339235,flood
Trkiye,2018,0.017026564,flood
Trkiye,2018,0.017851333,flood
Trkiye,2019,0.016539868,flood
Trkiye,2019,0.018339235,flood
Trkiye,2019,0.017026564,flood
Trkiye,2019,0.017851333,flood
Trkiye,2020,0.016539868,flood
Trkiye,2020,0.018339235,flood
Trkiye,2020,0.017026564,flood
Trkiye,2020,0.017851333,flood
United Kingdom,2001,3.008083551,flood
United Kingdom,2001,3.21765049,flood
United Kingdom,2001,3.147230574,flood
United Kingdom,2001,3.326450042,flood
United Kingdom,2002,3.008083551,flood
United Kingdom,2002,3.21765049,flood
United Kingdom,2002,3.147230574,flood
United Kingdom,2002,3.326450042,flood
United Kingdom,2003,3.008083551,flood
United Kingdom,2003,3.21765049,flood
United Kingdom,2003,3.147230574,flood
United Kingdom,2003,3.326450042,flood
United Kingdom,2004,3.008083551,flood
United Kingdom,2004,3.21765049,flood
United Kingdom,2004,3.147230574,flood
United Kingdom,2004,3.326450042,flood
United Kingdom,2005,3.008083551,flood
United Kingdom,2005,3.21765049,flood
United Kingdom,2005,3.147230574,flood
United Kingdom,2005,3.326450042,flood
United Kingdom,2006,3.008083551,flood
United Kingdom,2006,3.21765049,flood
United Kingdom,2006,3.147230574,flood
United Kingdom,2006,3.326450042,flood
United Kingdom,2007,3.008083551,flood
United Kingdom,2007,3.21765049,flood
United Kingdom,2007,3.147230574,flood
United Kingdom,2007,3.326450042,flood
United Kingdom,2008,3.008083551,flood
United Kingdom,2008,3.21765049,flood
United Kingdom,2008,3.147230574,flood
United Kingdom,2008,3.326450042,flood
United Kingdom,2009,3.008083551,flood
United Kingdom,2009,3.21765049,flood
United Kingdom,2009,3.147230574,flood
United Kingdom,2009,3.326450042,flood
United Kingdom,2010,3.008083551,flood
United Kingdom,2010,3.21765049,flood
United Kingdom,2010,3.147230574,flood
United Kingdom,2010,3.326450042,flood
United Kingdom,2011,3.008083551,flood
United Kingdom,2011,3.21765049,flood
United Kingdom,2011,3.147230574,flood
United Kingdom,2011,3.326450042,flood
United Kingdom,2012,3.008083551,flood
United Kingdom,2012,3.21765049,flood
United Kingdom,2012,3.147230574,flood
United Kingdom,2012,3.326450042,flood
United Kingdom,2013,3.008083551,flood
United Kingdom,2013,3.21765049,flood
United Kingdom,2013,3.147230574,flood
United Kingdom,2013,3.326450042,flood
United Kingdom,2014,3.008083551,flood
United Kingdom,2014,3.21765049,flood
United Kingdom,2014,3.147230574,flood
United Kingdom,2014,3.326450042,flood
United Kingdom,2015,3.008083551,flood
United Kingdom,2015,3.21765049,flood
United Kingdom,2015,3.147230574,flood
United Kingdom,2015,3.326450042,flood
United Kingdom,2016,3.008083551,flood
United Kingdom,2016,3.21765049,flood
United Kingdom,2016,3.147230574,flood
United Kingdom,2016,3.326450042,flood
United Kingdom,2017,3.008083551,flood
United Kingdom,2017,3.21765049,flood
United Kingdom,2017,3.147230574,flood
United Kingdom,2017,3.326450042,flood
United Kingdom,2018,3.008083551,flood
United Kingdom,2018,3.21765049,flood
United Kingdom,2018,3.147230574,flood
United Kingdom,2018,3.326450042,flood
United Kingdom,2019,3.008083551,flood
United Kingdom,2019,3.21765049,flood
United Kingdom,2019,3.147230574,flood
United Kingdom,2019,3.326450042,flood
United Kingdom,2020,3.008083551,flood
United Kingdom,2020,3.21765049,flood
United Kingdom,2020,3.147230574,flood
United Kingdom,2020,3.326450042,flood
United States,2001,0.427017732,flood
United States,2001,0.511849617,flood
United States,2001,0.472056025,flood
United States,2001,0.502793701,flood
United States,2002,0.427017732,flood
United States,2002,0.511849617,flood
United States,2002,0.472056025,flood
United States,2002,0.502793701,flood
United States,2003,0.427017732,flood
United States,2003,0.511849617,flood
United States,2003,0.472056025,flood
United States,2003,0.502793701,flood
United States,2004,0.427017732,flood
United States,2004,0.511849617,flood
United States,2004,0.472056025,flood
United States,2004,0.502793701,flood
United States,2005,0.427017732,flood
United States,2005,0.511849617,flood
United States,2005,0.472056025,flood
United States,2005,0.502793701,flood
United States,2006,0.427017732,flood
United States,2006,0.511849617,flood
United States,2006,0.472056025,flood
United States,2006,0.502793701,flood
United States,2007,0.427017732,flood
United States,2007,0.511849617,flood
United States,2007,0.472056025,flood
United States,2007,0.502793701,flood
United States,2008,0.427017732,flood
United States,2008,0.511849617,flood
United States,2008,0.472056025,flood
United States,2008,0.502793701,flood
United States,2009,0.427017732,flood
United States,2009,0.511849617,flood
United States,2009,0.472056025,flood
United States,2009,0.502793701,flood
United States,2010,0.427017732,flood
United States,2010,0.511849617,flood
United States,2010,0.472056025,flood
United States,2010,0.502793701,flood
United States,2011,0.427017732,flood
United States,2011,0.511849617,flood
United States,2011,0.472056025,flood
United States,2011,0.502793701,flood
United States,2012,0.427017732,flood
United States,2012,0.511849617,flood
United States,2012,0.472056025,flood
United States,2012,0.502793701,flood
United States,2013,0.427017732,flood
United States,2013,0.511849617,flood
United States,2013,0.472056025,flood
United States,2013,0.502793701,flood
United States,2014,0.427017732,flood
United States,2014,0.511849617,flood
United States,2014,0.472056025,flood
United States,2014,0.502793701,flood
United States,2015,0.427017732,flood
United States,2015,0.511849617,flood
United States,2015,0.472056025,flood
United States,2015,0.502793701,flood
United States,2016,0.427017732,flood
United States,2016,0.511849617,flood
United States,2016,0.472056025,flood
United States,2016,0.502793701,flood
United States,2017,0.427017732,flood
United States,2017,0.511849617,flood
United States,2017,0.472056025,flood
United States,2017,0.502793701,flood
United States,2018,0.427017732,flood
United States,2018,0.511849617,flood
United States,2018,0.472056025,flood
United States,2018,0.502793701,flood
United States,2019,0.427017732,flood
United States,2019,0.511849617,flood
United States,2019,0.472056025,flood
United States,2019,0.502793701,flood
United States,2020,0.427017732,flood
United States,2020,0.511849617,flood
United States,2020,0.472056025,flood
United States,2020,0.502793701,flood
