,TIME_PERIOD: Time period,REF_AREA: Reference area,drought,flood,wildfire,wind
0,2001,Australia,-1.5557950500000002,0.925584084,900401.4277,76.026778059
1,2001,Austria,-0.755447167,0.0,98.22296982,0.158769237
2,2001,Belgium,7.240893649,27.533537573,0.0,0.0
3,2001,Canada,-7.562792512000001,2.357571101,3747.8041,6.519815945
4,2001,Chile,1.5405918820000002,0.590900765,92.68556267,43.18079771
5,2001,Colombia,-3.016264772,0.112714293,24656.01662,1.04036328
6,2001,Costa Rica,-2.990604618,0.345925086,413.1371887,0.0
7,2001,Czech Republic,9.442296724,0.0,17.80248581,0.468321023
8,2001,Denmark,10.259086398,24.508640767000003,104.8194117,1.509016544
9,2001,Estonia,3.377915732,0.29173317,0.0,2.687511071
10,2001,Finland,0.413419841,0.751235422,8.952348037,0.951335942
11,2001,France,4.087430607,3.276131107,416.8350343,8.256490746
12,2001,Germany,5.574399665,13.678645743,8.254701142,0.0
13,2001,Greece,-13.599397461,2.59319441,963.3705603,1.676680054
14,2001,Hungary,4.870026276,0.0,600.1573758,0.0
15,2001,Iceland,1.623537264,2.157604118,0.0,91.86921953
16,2001,Ireland,0.297660396,1.143947605,0.0,35.49509576
17,2001,Israel,-9.988474428,0.000891632,7.551949328,0.234693439
18,2001,Italy,-8.257855580000001,7.796293886999999,1407.255165,1.702508335
19,2001,Japan,-0.2114516099999999,3.257907073,89.39355396,712.432563899
20,2001,Korea,-7.343195035,2.12132188,7.117853569,576.954377233
21,2001,Latvia,4.770514549,0.465927086,28.57454241,0.403575218
22,2001,Lithuania,6.939374405000001,2.27703926,8.188380733,0.241233626
23,2001,Luxembourg,3.267082386,0.0,0.0,0.0
24,2001,Mexico,-8.097180724000001,2.231188941,11070.71476,329.16951316800004
25,2001,Netherlands,9.369325818,209.98368915,0.0,2.578092973
26,2001,New Zealand,-4.583434264,0.61509496,123.2486729,33.046992098000004
27,2001,Norway,4.033598847,2.619687621,0.0,39.09695219
28,2001,OECD - Europe,0.5748040830000001,4.819399058,11510.92139,9.387387259
29,2001,OECD - Total,-2.387650413,2.177652478,966156.5792,53.15257827300001
30,2001,Poland,11.831292107,2.850551214,62.36543975,0.0
31,2001,Portugal,6.410488636,0.51386789,864.9041365,6.53803806
32,2001,Russia,0.4168947479999999,0.920082945,119502.062,3.567790693
33,2001,Slovak Republic,1.966431663,0.0,42.44232001,0.0
34,2001,Slovenia,-2.429956451,0.044464808,0.499047155,0.0
35,2001,Spain,-1.172425736,0.262483929,925.7018885,10.08449896
36,2001,Sweden,2.763124116,0.697817432,0.0,8.402863145
37,2001,Switzerland,3.152074122,0.0,0.495963747,3.797822584
38,2001,Türkiye,-10.508604521,0.069757,5926.655625,7.004038248
39,2001,United Kingdom,3.052135176,12.699414657,25.4239898,14.11600288
40,2001,United States,-3.720298575,1.913717075,14036.55987,26.359236867
41,2002,Australia,-30.560190670000004,0.925584084,761169.0155,76.355006398
42,2002,Austria,3.759997659,0.0,12.33797054,14.30936902
43,2002,Belgium,3.454786726,27.533537573,0.0,65.00640879
44,2002,Canada,1.737467864,2.357571101,24987.19128,8.950475434000001
45,2002,Chile,6.888294048000001,0.590900765,543.1451089,39.64411125
46,2002,Colombia,-3.980070416,0.112714293,17950.84719,1.04036328
47,2002,Costa Rica,-2.773681647,0.345925086,283.9438589,0.0
48,2002,Czech Republic,7.349580318999999,0.0,4.133524906,7.250119834
49,2002,Denmark,0.516030855,24.508640767000003,24.09455217,81.96883452
50,2002,Estonia,-24.05647165,0.29173317,46.24893957,6.102592557
51,2002,Finland,-10.790393253,0.751235422,4.775320884,0.883521221
52,2002,France,4.045226709,3.276131107,946.6059604,8.501735837000002
53,2002,Germany,6.650349881,13.678645743,8.725953101,34.82468133
54,2002,Greece,13.87305096,2.59319441,231.482205,2.588234096
55,2002,Hungary,-0.0396686849999999,0.0,198.77851,0.0
56,2002,Iceland,1.079325124,2.157604118,0.0,68.0650601
57,2002,Ireland,5.2948774400000005,1.143947605,0.0,81.66877585
58,2002,Israel,5.113808730000001,0.000891632,9.390107893,0.0
59,2002,Italy,10.667926147,7.796293886999999,761.8497233,5.87592148
60,2002,Japan,-0.378705634,3.257907073,127.5524571,740.4270482289999
61,2002,Korea,4.311591589000001,2.12132188,52.91120635,632.163041702
62,2002,Latvia,-19.101032238,0.465927086,75.23155822,0.441612593
63,2002,Lithuania,-17.379881490000002,2.27703926,63.42026357,11.76017956
64,2002,Luxembourg,-3.350875506,0.0,0.0,1.944113041
65,2002,Mexico,-8.688193595,2.231188941,16162.77089,331.04777157800004
66,2002,Netherlands,7.672203438,209.98368915,0.0,99.96241734
67,2002,New Zealand,-2.515850284,0.61509496,0.742120737,47.681869578
68,2002,Norway,-4.591608186,2.619687621,5.159090136,25.34019231
69,2002,OECD - Europe,0.991472221,4.819399058,9911.762681,16.533541601
70,2002,OECD - Total,-4.43225918,2.177652478,857232.8275,55.445810294000005
71,2002,Poland,-4.021007629,2.850551214,186.1138764,12.0674004
72,2002,Portugal,13.434670769,0.51386789,1050.381751,7.640017872
73,2002,Russia,-1.319042845,0.920082945,157056.6366,2.965002941
74,2002,Slovak Republic,0.911698497,0.0,57.25122245,0.0
75,2002,Slovenia,5.725770592,0.044464808,0.0,4.138002692
76,2002,Spain,2.716222982,0.262483929,1950.585675,9.633118727
77,2002,Sweden,-8.040385958,0.697817432,1.522022519,5.583642977
78,2002,Switzerland,3.185052291,0.0,1.820210212,17.98104704
79,2002,Türkiye,-1.301971738,0.069757,4281.244352,1.194853063
80,2002,United Kingdom,2.804131075,12.699414657,0.0,84.90270302
81,2002,United States,-6.482337785,1.913717075,26033.55507,26.296024461
82,2003,Australia,-6.096638919,0.925584084,374209.8141,76.900698095
83,2003,Austria,-11.339493956,0.0,19.87738719,7.777975839
84,2003,Belgium,-18.833728107,27.533537573,0.150090089,0.0
85,2003,Canada,-0.0444742979999999,2.357571101,18930.87336,8.204658692999999
86,2003,Chile,-1.813776211,0.590900765,761.4463966,42.4885494
87,2003,Colombia,-2.899403703,0.112714293,32707.92789,1.04036328
88,2003,Costa Rica,0.64853267,0.345925086,397.9482347,2.929171483
89,2003,Czech Republic,-19.823752674,0.0,39.76651357,17.1080094
90,2003,Denmark,-6.538555835,24.508640767000003,123.5943824,1.229191013
91,2003,Estonia,2.612734514,0.29173317,48.36755041,0.0
92,2003,Finland,-3.186195191,0.751235422,62.44932896,0.391413204
93,2003,France,-13.364652715,3.276131107,763.4489594,17.985053622
94,2003,Germany,-19.28851143,13.678645743,23.60193697,6.982962368
95,2003,Greece,7.986763575999999,2.59319441,120.7172345,13.46824231
96,2003,Hungary,-17.629089657,0.0,348.7232199,0.0
97,2003,Iceland,2.177711091,2.157604118,0.0,62.11495157
98,2003,Ireland,-4.1409569610000005,1.143947605,11.10470659,33.07609787
99,2003,Israel,0.930052691,0.000891632,19.24611247,0.0
100,2003,Italy,-8.546668473,7.796293886999999,1588.581029,3.829533321
101,2003,Japan,2.3558831490000003,3.257907073,140.417486,741.4170158489999
102,2003,Korea,6.799071859,2.12132188,80.64836421,618.0930735119999
103,2003,Latvia,0.633374635,0.465927086,199.8933363,0.0
104,2003,Lithuania,-3.463750021,2.27703926,79.9011444,0.0
105,2003,Luxembourg,-16.781527632,0.0,0.0,0.0
106,2003,Mexico,-7.018713632,2.231188941,25027.73402,327.97440425400004
107,2003,Netherlands,-19.156570491,209.98368915,0.145965507,0.868496615
108,2003,New Zealand,-6.380887032,0.61509496,9.910281508,43.290488088
109,2003,Norway,0.116612757,2.619687621,32.72297754,53.83108231
110,2003,OECD - Europe,-6.141742833,4.819399058,14752.01204,12.495127711
111,2003,OECD - Total,-3.38488388,2.177652478,497250.9452,54.66957888300001
112,2003,Poland,-13.51193251,2.850551214,268.2326335,0.0
113,2003,Portugal,13.733249779,0.51386789,4785.371593,3.948355712
114,2003,Russia,-1.28625499,0.920082945,218636.4297,3.439742525
115,2003,Slovak Republic,-16.635758691,0.0,10.41354551,0.0
116,2003,Slovenia,-11.255409176,0.044464808,12.43400598,0.0
117,2003,Spain,13.511670867,0.262483929,2129.452714,8.922350815
118,2003,Sweden,-0.720942924,0.697817432,0.0,7.733903915
119,2003,Switzerland,-9.714967281,0.0,2.809840864,23.44286486
120,2003,Türkiye,-2.240004969,0.069757,3854.348396,8.700360392
121,2003,United Kingdom,-12.633439255,12.699414657,225.9035502,20.25517604
122,2003,United States,-3.1373148470000003,1.913717075,30212.96692,26.492287119
123,2004,Australia,-7.528357575,0.925584084,607280.0186,77.02978046999999
124,2004,Austria,3.26979476,0.0,53.11718983,19.6422712
125,2004,Belgium,-1.112105062,27.533537573,1.523039696,1.175830578
126,2004,Canada,5.5009733,2.357571101,22864.4507,10.178914588
127,2004,Chile,2.015792091,0.590900765,614.2300585,40.51502292
128,2004,Colombia,-3.809645513,0.112714293,38333.23909,1.04036328
129,2004,Costa Rica,2.364754115,0.345925086,315.74187,0.0
130,2004,Czech Republic,-3.358920491,0.0,8.833298924,0.379491525
131,2004,Denmark,5.364621627,24.508640767000003,80.8240102,6.773167812
132,2004,Estonia,4.818805631,0.29173317,18.88662484,0.698363446
133,2004,Finland,6.021543328,0.751235422,0.0,0.086354843
134,2004,France,-5.793289424999999,3.276131107,655.6714703,11.784662207
135,2004,Germany,0.2540710419999999,13.678645743,9.57624054,20.23927648
136,2004,Greece,3.717942119,2.59319441,573.4738567,12.79216152
137,2004,Hungary,5.819448512,0.0,190.2137165,0.0
138,2004,Iceland,-1.552774574,2.157604118,0.0,38.74299733
139,2004,Ireland,-0.957247501,1.143947605,0.0,53.38259144
140,2004,Israel,-2.733275954,0.000891632,25.28449408,0.0
141,2004,Italy,5.643898969,7.796293886999999,1725.17428,6.65958932
142,2004,Japan,1.048478995,3.257907073,68.37849577,788.2863860990001
143,2004,Korea,-7.769319475,2.12132188,105.06994,582.317134188
144,2004,Latvia,1.581584323,0.465927086,25.79335947,0.0
145,2004,Lithuania,3.977359591,2.27703926,13.30126937,0.045235421
146,2004,Luxembourg,-4.155639394,0.0,0.0,0.0
147,2004,Mexico,-0.595465016,2.231188941,9657.771318,327.28417756700003
148,2004,Netherlands,3.342173126,209.98368915,0.0,43.92710789
149,2004,New Zealand,7.716735542,0.61509496,9.864836867,46.425590248
150,2004,Norway,3.182399969,2.619687621,0.0,19.50835284
151,2004,OECD - Europe,-0.572442557,4.819399058,10947.91191,11.448533471
152,2004,OECD - Total,0.23822738,2.177652478,731309.6408,56.05950538000001
153,2004,Poland,-3.331514221,2.850551214,70.53172109,11.91145872
154,2004,Portugal,-3.982334731,0.51386789,1109.494393,6.104402907
155,2004,Russia,2.0712557,0.920082945,104179.2271,3.537192738
156,2004,Slovak Republic,4.199070009,0.0,27.45477497,0.0
157,2004,Slovenia,6.191130176,0.044464808,0.165091066,4.779527596
158,2004,Spain,1.859492754,0.262483929,2057.885363,6.683614321
159,2004,Sweden,4.577850677,0.697817432,0.131588217,1.726119104
160,2004,Switzerland,0.146394791,0.0,0.0,38.37397253
161,2004,Türkiye,-8.591778408,0.069757,4321.46126,5.79827146
162,2004,United Kingdom,5.469539073,12.699414657,4.399358915,40.30798188
163,2004,United States,1.13572303,1.913717075,41087.67948,29.120988099
164,2005,Australia,-9.605953319,0.925584084,302423.1314,76.84715319899999
165,2005,Austria,2.167474352,0.0,35.59498149,29.70598428
166,2005,Belgium,-0.945604764,27.533537573,0.0,0.0
167,2005,Canada,8.677976822,2.357571101,15048.16206,10.84171798
168,2005,Chile,-0.7176401960000001,0.590900765,1237.381836,44.8614743
169,2005,Colombia,-0.421053793,0.112714293,19024.87161,1.04036328
170,2005,Costa Rica,3.361585857,0.345925086,195.2674489,0.0
171,2005,Czech Republic,1.326153559,0.0,23.94443181,5.835642842
172,2005,Denmark,-3.043236382,24.508640767000003,0.264799371,100.0
173,2005,Estonia,-7.727176943,0.29173317,0.0,25.8904295
174,2005,Finland,0.745875227,0.751235422,1.179362362,0.0
175,2005,France,-8.159951767999999,3.276131107,658.0167593,8.53143095
176,2005,Germany,-1.352673807,13.678645743,5.617369931,14.88192611
177,2005,Greece,3.5836362150000003,2.59319441,324.1600723,21.50577473
178,2005,Hungary,15.863888243999998,0.0,92.05250762,0.0
179,2005,Iceland,-0.656505001,2.157604118,0.0,46.00412819
180,2005,Ireland,1.197371862,1.143947605,4.720688952,76.45990068
181,2005,Israel,-9.799334639,0.000891632,22.70699334,0.0
182,2005,Italy,7.678785796,7.796293886999999,571.0394593,3.112456685
183,2005,Japan,-2.553941909,3.257907073,107.2804367,747.6651871490001
184,2005,Korea,-3.828476974,2.12132188,104.7421271,591.397693312
185,2005,Latvia,-5.40805011,0.465927086,2.255322088,27.45608811
186,2005,Lithuania,-5.181527117,2.27703926,18.83694687,17.95662902
187,2005,Luxembourg,-6.778269835,0.0,0.0,0.0
188,2005,Mexico,-10.988122574999998,2.231188941,25732.96422,331.47535504300004
189,2005,Netherlands,4.022476839,209.98368915,0.0,29.96218006
190,2005,New Zealand,-1.326849525,0.61509496,0.0,28.355500918
191,2005,Norway,3.646813177,2.619687621,0.0,38.34317902
192,2005,OECD - Europe,-4.051397602,4.819399058,11550.2377,15.234766861
193,2005,OECD - Total,-3.320571477,2.177652478,420268.1727,56.541816508
194,2005,Poland,-15.352090662999998,2.850551214,141.7885096,0.673898754
195,2005,Portugal,-28.00189795,0.51386789,3323.621041,2.515976272
196,2005,Russia,-2.6243685460000004,0.920082945,126299.8094,2.434568074
197,2005,Slovak Republic,5.308142188,0.0,18.84791996,0.0
198,2005,Slovenia,1.801368123,0.044464808,0.0,4.162447393
199,2005,Spain,-23.00787465,0.262483929,1861.561285,4.183402445
200,2005,Sweden,0.46762992,0.697817432,1.003689413,23.79799174
201,2005,Switzerland,-2.118675927,0.0,0.979198627,13.51108718
202,2005,Türkiye,-0.6267502189999999,0.069757,4445.418709,2.262634277
203,2005,United Kingdom,0.493664018,12.699414657,19.33464684,64.11324865
204,2005,United States,-6.223628549,1.913717075,44821.4269,29.150105489
205,2006,Australia,-19.644820485,0.925584084,527394.7873,78.17376189699999
206,2006,Austria,-2.486663941,0.0,20.37342938,0.0
207,2006,Belgium,2.352713995,27.533537573,3.723245961,0.0
208,2006,Canada,1.0694024080000002,2.357571101,19139.10467,10.47267358
209,2006,Chile,2.2524715,0.590900765,338.5850118,40.35018058
210,2006,Colombia,0.989487529,0.112714293,18868.2482,1.04036328
211,2006,Costa Rica,2.467908795,0.345925086,155.973651,0.0
212,2006,Czech Republic,-5.0964472910000005,0.0,1.54690935,0.0
213,2006,Denmark,2.751874222,24.508640767000003,157.2561888,2.827085452
214,2006,Estonia,-16.418179113,0.29173317,31.3838264,0.0
215,2006,Finland,-9.428451789,0.751235422,91.76991288,0.029607265
216,2006,France,-1.3707242540000002,3.276131107,307.4248463,9.062735623000002
217,2006,Germany,-4.475426153,13.678645743,38.37774259,8.424448149
218,2006,Greece,8.324091116,2.59319441,354.84521,2.813476573
219,2006,Hungary,2.738397633,0.0,280.0761189,0.0
220,2006,Iceland,1.163215648,2.157604118,0.0,78.36507899
221,2006,Ireland,-1.6499057659999998,1.143947605,7.169374774,85.71194567
222,2006,Israel,-6.510962674,0.000891632,23.07190405,0.0
223,2006,Italy,-2.621742917,7.796293886999999,480.5866603,1.226798176
224,2006,Japan,1.05307873,3.257907073,144.6667619,742.646772559
225,2006,Korea,-3.530834762,2.12132188,18.34802017,616.6061113719999
226,2006,Latvia,-12.777709715,0.465927086,17.73404671,0.0
227,2006,Lithuania,-8.746282567000002,2.27703926,12.76727312,0.0
228,2006,Luxembourg,0.108171863,0.0,1.299290025,0.0
229,2006,Mexico,-2.611852802,2.231188941,15707.35567,329.057907747
230,2006,Netherlands,-2.620481831,209.98368915,7.552608528,43.34572881
231,2006,New Zealand,3.206685325,0.61509496,33.41755782,75.074221658
232,2006,Norway,-1.213250948,2.619687621,22.89785621,32.94020586
233,2006,OECD - Europe,-1.921607121,4.819399058,10266.8189,11.654054481
234,2006,OECD - Total,-4.714309132,2.177652478,632784.0206,56.327803646000014
235,2006,Poland,-7.232615909,2.850551214,71.519975,1.086230526
236,2006,Portugal,10.683011359,0.51386789,697.4664227,31.48845295
237,2006,Russia,-0.512024166,0.920082945,143693.7951,2.760795444
238,2006,Slovak Republic,-3.553735487,0.0,1.27779032,0.0
239,2006,Slovenia,-0.960318868,0.044464808,4.167454939,0.0
240,2006,Spain,1.863184971,0.262483929,1467.147436,13.46735632
241,2006,Sweden,-1.722014787,0.697817432,36.91012172,6.911339917
242,2006,Switzerland,-1.171003366,0.0,0.0,2.499321052
243,2006,Türkiye,-0.754380905,0.069757,6096.285424,1.279818276
244,2006,United Kingdom,0.363770997,12.699414657,55.25973781,47.31064479
245,2006,United States,-7.520010039000001,1.913717075,40693.64303,29.079359864
246,2007,Australia,-8.43970775,0.925584084,565249.2332,78.327714433
247,2007,Austria,-2.168087808,0.0,0.159780936,45.70607555
248,2007,Belgium,5.785298388,27.533537573,9.782647133,99.96156623
249,2007,Canada,-2.6930618290000004,2.357571101,13946.23992,8.579332002000001
250,2007,Chile,-1.892797015,0.590900765,713.4972553,37.0931983
251,2007,Colombia,-2.776694842,0.112714293,37403.67857,1.04036328
252,2007,Costa Rica,2.885240499,0.345925086,307.8633369,0.0
253,2007,Czech Republic,-3.541655715,0.0,23.04237548,85.72090544
254,2007,Denmark,7.075772076,24.508640767000003,11.21517965,29.82378015
255,2007,Estonia,-0.934370535,0.29173317,0.012354905,0.0
256,2007,Finland,5.079578561,0.751235422,12.88395217,0.025327853
257,2007,France,3.129380412,3.276131107,135.4363511,16.816365162
258,2007,Germany,4.869056404,13.678645743,6.729411929,87.35219304
259,2007,Greece,-1.303550733,2.59319441,3200.491632,8.367315748
260,2007,Hungary,-12.194204535,0.0,306.0417301,0.0
261,2007,Iceland,-0.506818428,2.157604118,0.0,82.11376533
262,2007,Ireland,-0.430531422,1.143947605,32.96005934,76.74046414
263,2007,Israel,-3.513776234,0.000891632,17.65731328,0.0
264,2007,Italy,-3.323706575,7.796293886999999,2336.336214,3.567566028
265,2007,Japan,-1.717885461,3.257907073,149.2471918,751.447558269
266,2007,Korea,-0.087846182,2.12132188,47.22992318,584.713439012
267,2007,Latvia,1.832901734,0.465927086,15.93554015,6.978170408
268,2007,Lithuania,2.345941813,2.27703926,13.30519165,8.557707419
269,2007,Luxembourg,4.818445519,0.0,0.0,100.0
270,2007,Mexico,-0.087078349,2.231188941,16302.23028,332.556777375
271,2007,Netherlands,6.318454914,209.98368915,4.325580945,99.96241734
272,2007,New Zealand,-6.58468401,0.61509496,36.51476645,44.453982128
273,2007,Norway,3.626371905,2.619687621,26.57344401,47.07847718
274,2007,OECD - Europe,-0.472044402,4.819399058,11897.71178,27.018137821
275,2007,OECD - Total,-4.396405674,2.177652478,689286.566,57.50239773900001
276,2007,Poland,0.0759389539999999,2.850551214,47.81159925,41.03142355
277,2007,Portugal,-7.352665111,0.51386789,168.2203127,1.238720432
278,2007,Russia,-1.0989898769999995,0.920082945,109179.5709,3.316056241
279,2007,Slovak Republic,-6.980188723,0.0,9.896254648,15.28314985
280,2007,Slovenia,-1.060583824,0.044464808,0.494849753,0.0
281,2007,Spain,-2.853665871,0.262483929,854.538986,9.669237866
282,2007,Sweden,1.740840907,0.697817432,3.269326885,15.88529431
283,2007,Switzerland,0.41681255,0.0,0.816763481,25.82799205
284,2007,Türkiye,-6.01226478,0.069757,4538.974665,3.860324565
285,2007,United Kingdom,2.03142718,12.699414657,138.4575725,83.37202918
286,2007,United States,-8.354256001,1.913717075,43215.46243,27.275874568
287,2008,Australia,-10.568494132,0.925584084,321263.8087,76.42183843299999
288,2008,Austria,2.542445424,0.0,29.37591641,60.90522282
289,2008,Belgium,7.629474872999999,27.533537573,0.0,21.91574095
290,2008,Canada,-3.125728136,2.357571101,15026.71901,7.946639618
291,2008,Chile,-6.149415557999999,0.590900765,849.1026947,41.97231942
292,2008,Colombia,0.404888087,0.112714293,24403.22797,1.04036328
293,2008,Costa Rica,1.584840521,0.345925086,178.6566732,0.0
294,2008,Czech Republic,1.671190015,0.0,7.082138747,35.7113979
295,2008,Denmark,-2.640782847,24.508640767000003,32.34908754,61.96833349
296,2008,Estonia,6.01957471,0.29173317,6.256291447,0.20237465
297,2008,Finland,5.612221798,0.751235422,47.24390997,0.160219268
298,2008,France,6.475636988,3.276131107,588.4363861,17.398948842
299,2008,Germany,-0.86936347,13.678645743,140.8710226,45.14359317
300,2008,Greece,-10.306525278,2.59319441,1151.040874,21.94837581
301,2008,Hungary,-5.792951193,0.0,168.4709383,0.0
302,2008,Iceland,-3.167449022,2.157604118,0.0,96.28211095
303,2008,Ireland,4.449419466,1.143947605,0.0,49.12735
304,2008,Israel,-12.759943079,0.000891632,3.593470611,0.0
305,2008,Italy,2.505373647,7.796293886999999,1325.609183,10.40109683
306,2008,Japan,0.309932495,3.257907073,134.6653848,716.770532329
307,2008,Korea,-9.62555918,2.12132188,32.30136404,575.5498909519999
308,2008,Latvia,-0.0308694739999999,0.465927086,0.0,16.61899267
309,2008,Lithuania,-2.012941548,2.27703926,37.381861,1.572362051
310,2008,Luxembourg,8.175752555999999,0.0,0.0,52.69313492
311,2008,Mexico,-3.0753615840000004,2.231188941,18674.97196,330.147281016
312,2008,Netherlands,3.946709792,209.98368915,0.0,22.31843957
313,2008,New Zealand,-5.778634139999999,0.61509496,6.343544717,50.808515378
314,2008,Norway,-0.661801266,2.619687621,51.85164476,39.67728557
315,2008,OECD - Europe,-0.399964641,4.819399058,6948.998738,19.169628221
316,2008,OECD - Total,-3.611716646,2.177652478,418520.3611,56.18643048600001
317,2008,Poland,-3.01656769,2.850551214,143.8560859,6.7209732
318,2008,Portugal,-3.3914433820000003,0.51386789,77.33996504,0.934255845
319,2008,Russia,-2.121531198,0.920082945,232590.2482,3.771197667
320,2008,Slovak Republic,-0.701942258,0.0,6.174052146,9.528776501
321,2008,Slovenia,3.310718117,0.044464808,0.0,0.0
322,2008,Spain,4.319028637,0.262483929,320.4308665,5.977865269
323,2008,Sweden,0.246416351,0.697817432,0.904061551,14.10219897
324,2008,Switzerland,0.690772759,0.0,0.0,34.4118744
325,2008,Türkiye,-11.828023664,0.069757,2814.324453,1.503518836
326,2008,United Kingdom,8.322917676,12.699414657,0.0,57.88629787
327,2008,United States,-5.567065405,1.913717075,30997.97159,30.180749374
328,2009,Australia,-13.719982188,0.925584084,366586.4526,78.141300076
329,2009,Austria,4.364445002,0.0,15.56086963,3.069459571
330,2009,Belgium,-6.930740500000001,27.533537573,3.912383113,0.0
331,2009,Canada,-2.443414212,2.357571101,6896.797814,6.902338911
332,2009,Chile,-1.927956707,0.590900765,738.3292421,45.58066924
333,2009,Colombia,-0.007292691,0.112714293,17742.409,1.04036328
334,2009,Costa Rica,2.03394686,0.345925086,253.1795962,5.910684216
335,2009,Czech Republic,1.459855164,0.0,6.85171185,0.0
336,2009,Denmark,-3.410894894,24.508640767000003,9.859461197,12.00505024
337,2009,Estonia,3.714408463,0.29173317,0.488034842,0.0
338,2009,Finland,-1.291019779,0.751235422,29.9353918,0.0
339,2009,France,-5.992462364,3.276131107,311.3975743,28.345155122
340,2009,Germany,-1.167402514,13.678645743,7.009812463,2.793250445
341,2009,Greece,13.541211633,2.59319441,516.8887365,1.660659326
342,2009,Hungary,-11.49193963,0.0,89.09891317,0.0
343,2009,Iceland,-0.680990743,2.157604118,0.0,25.30174387
344,2009,Ireland,5.355525397999999,1.143947605,0.0,85.39433444
345,2009,Israel,-9.326698892,0.000891632,0.402824293,0.0
346,2009,Italy,6.221604287,7.796293886999999,558.3383522,5.257406778
347,2009,Japan,1.716983566,3.257907073,218.1774864,736.977593919
348,2009,Korea,-10.480032597,2.12132188,52.41410891,584.006935507
349,2009,Latvia,0.7489178,0.465927086,5.50184737,0.0
350,2009,Lithuania,-0.290050459,2.27703926,45.73906865,0.045235421
351,2009,Luxembourg,-3.009086572,0.0,0.003877779,0.0
352,2009,Mexico,-11.726160643,2.231188941,16813.18185,331.285499468
353,2009,Netherlands,-6.075350038,209.98368915,0.0,1.330552039
354,2009,New Zealand,-3.0095900220000003,0.61509496,4.280063732,42.142788198
355,2009,Norway,0.521595016,2.619687621,0.0,15.84945823
356,2009,OECD - Europe,-0.856157003,4.819399058,17211.42197,13.045815441
357,2009,OECD - Total,-2.130676922,2.177652478,459341.9826,55.189041291
358,2009,Poland,-0.377761638,2.850551214,33.27890064,0.0
359,2009,Portugal,-15.528522869,0.51386789,677.2358802,30.32931458
360,2009,Russia,-4.258349534,0.920082945,128541.7016,3.378134616
361,2009,Slovak Republic,-6.231280941,0.0,5.786160155,0.0
362,2009,Slovenia,0.4094000479999999,0.044464808,1.154383881,0.0
363,2009,Spain,-12.153468509,0.262483929,991.2196356,37.85219688
364,2009,Sweden,1.032107317,0.697817432,1.131256058,0.012361397
365,2009,Switzerland,-1.030425353,0.0,3.258369773,34.36818037
366,2009,Türkiye,7.108059365000001,0.069757,13877.70066,2.619945822
367,2009,United Kingdom,-0.161730398,12.699414657,20.07069509,33.71057565
368,2009,United States,0.196123901,1.913717075,32824.93611,28.183707189
369,2010,Australia,20.622091498,0.925584084,225593.58,76.414945907
370,2010,Austria,7.149101231,0.0,0.0,0.0
371,2010,Belgium,-0.652893292,27.533537573,0.0,22.02801148
372,2010,Canada,4.153969257,2.357571101,25347.1017,7.318604248
373,2010,Chile,-0.092309855,0.590900765,789.352184,44.19395438
374,2010,Colombia,1.968558366,0.112714293,19973.76403,1.04036328
375,2010,Costa Rica,7.550909261999999,0.345925086,255.6584045,0.0
376,2010,Czech Republic,9.219718439,0.0,3.091525105,0.0
377,2010,Denmark,3.30622494,24.508640767000003,0.0,0.747211431
378,2010,Estonia,-2.14959816,0.29173317,3.235018876,0.0
379,2010,Finland,-0.710430432,0.751235422,9.970915224,0.087588991
380,2010,France,-1.990532719,3.276131107,397.9239922,22.668841032
381,2010,Germany,1.738153438,13.678645743,0.0,4.007524675
382,2010,Greece,9.849270715,2.59319441,199.5138711,5.309900326
383,2010,Hungary,28.6824829,0.0,24.04399918,0.0
384,2010,Iceland,-2.559951132,2.157604118,0.0,48.28082905
385,2010,Ireland,-3.148482515,1.143947605,83.01251121,59.54260586
386,2010,Israel,-16.693019268,0.000891632,55.69055956,0.0
387,2010,Italy,16.582242141000002,7.796293886999999,800.6538961,4.527740936
388,2010,Japan,2.314570318,3.257907073,113.910543,734.032214889
389,2010,Korea,2.247044874,2.12132188,10.23775687,590.953634512
390,2010,Latvia,3.556743825,0.465927086,10.13892207,0.0
391,2010,Lithuania,6.56933645,2.27703926,1.488669308,0.0
392,2010,Luxembourg,0.229186623,0.0,0.0,100.0
393,2010,Mexico,-1.452072967,2.231188941,10401.62276,335.72459062200005
394,2010,Netherlands,-0.667294975,209.98368915,0.0,1.295556657
395,2010,New Zealand,-5.952361487,0.61509496,12.88690292,41.911179858
396,2010,Norway,-0.914811199,2.619687621,0.0,14.3506501
397,2010,OECD - Europe,4.646430562,4.819399058,11946.93921,10.423860576
398,2010,OECD - Total,3.092775345,2.177652478,320171.4753,55.16689436100001
399,2010,Poland,8.880176923,2.850551214,92.96161843,0.0
400,2010,Portugal,15.952474104,0.51386789,1523.810905,54.97259814
401,2010,Russia,-7.981207612,0.920082945,109064.9459,5.350361317
402,2010,Slovak Republic,15.775506379,0.0,0.913249087,0.0
403,2010,Slovenia,5.475280296,0.044464808,0.0,7.875361623
404,2010,Spain,16.090998549,0.262483929,315.1550625,19.77878318
405,2010,Sweden,0.428642199,0.697817432,0.0,0.950095421
406,2010,Switzerland,0.7336398209999999,0.0,0.0,0.00060525
407,2010,Türkiye,-1.15354125,0.069757,8444.55912,1.796458372
408,2010,United Kingdom,-1.940455576,12.699414657,36.46593749,22.01029273
409,2010,United States,-1.993607955,1.913717075,25670.73122,29.831327684
410,2011,Australia,16.770323189000003,0.925584084,845709.1854,79.51180834800002
411,2011,Austria,-5.076531925,0.0,33.10387324,2.758437325
412,2011,Belgium,-12.023120328,27.533537573,8.926615232,0.0
413,2011,Canada,-2.542962112,2.357571101,16485.46347,7.775371624
414,2011,Chile,0.2072428489999999,0.590900765,712.9459689,38.74906623
415,2011,Colombia,4.840714018,0.112714293,15574.2777,1.04036328
416,2011,Costa Rica,6.566310903,0.345925086,150.1464582,0.0
417,2011,Czech Republic,-4.823858516,0.0,4.342259323,0.0
418,2011,Denmark,4.957454757,24.508640767000003,0.265777141,64.14209095
419,2011,Estonia,-3.587325456,0.29173317,1.469285693,8.888973406
420,2011,Finland,2.460621847,0.751235422,27.76293267,2.510691114
421,2011,France,-13.752809806,3.276131107,200.542177,38.18969789200001
422,2011,Germany,-8.343895371999999,13.678645743,9.108619082,6.67095353
423,2011,Greece,1.698828763,2.59319441,725.8710663,2.585004421
424,2011,Hungary,-20.36069877,0.0,116.1818317,0.0
425,2011,Iceland,-0.365845936,2.157604118,0.0,73.18037232
426,2011,Ireland,1.586477891,1.143947605,56.2273876,54.53065061
427,2011,Israel,3.252940499,0.000891632,2.672149664,0.0
428,2011,Italy,-4.858616248000001,7.796293886999999,891.6763882,5.096282882
429,2011,Japan,0.969953119,3.257907073,139.8938238,738.9916004889999
430,2011,Korea,0.988625942,2.12132188,194.3597815,594.350007922
431,2011,Latvia,-2.113176724,0.465927086,0.0,0.040188539
432,2011,Lithuania,-0.990440745,2.27703926,6.168556381,11.78205728
433,2011,Luxembourg,-17.844287085,0.0,0.0,0.0
434,2011,Mexico,-23.208033236,2.231188941,33181.91814,327.18027158700005
435,2011,Netherlands,-3.262498389,209.98368915,0.017630666,5.06623805
436,2011,New Zealand,6.395666984,0.61509496,12.05940612,40.589867708
437,2011,Norway,6.770793911,2.619687621,0.0,58.52363427
438,2011,OECD - Europe,-3.505802781,4.819399058,13837.29195,16.801463181
439,2011,OECD - Total,-2.621097103,2.177652478,971774.5713,56.34391338400001
440,2011,Poland,-8.103601407,2.850551214,50.09801814,1.790761169
441,2011,Portugal,5.098318821,0.51386789,556.4924799,5.847255306
442,2011,Russia,-4.256833017,0.920082945,125396.3799,3.069972875
443,2011,Slovak Republic,-14.579637435,0.0,17.62266146,0.0
444,2011,Slovenia,-14.430463028,0.044464808,13.65116643,0.0
445,2011,Spain,-1.352199355,0.262483929,903.452397,4.201830267
446,2011,Sweden,4.747018295,0.697817432,0.0,21.23252749
447,2011,Switzerland,-3.636728867,0.0,0.0,20.86125954
448,2011,Türkiye,5.373599037,0.069757,10138.19669,0.565429472
449,2011,United Kingdom,-6.935438708,12.699414657,76.11413737,44.91212707
450,2011,United States,-5.864680577,1.913717075,45774.35702,29.866904133999995
451,2012,Australia,-6.417832898,0.925584084,885627.6825,77.07166136
452,2012,Austria,-3.332354399,0.0,0.653601837,22.68650792
453,2012,Belgium,6.553174987,27.533537573,0.0,3.328445823
454,2012,Canada,-0.496219897,2.357571101,16018.36928,8.909385164
455,2012,Chile,1.834872303,0.590900765,1385.352109,43.19684215
456,2012,Colombia,-0.483780328,0.112714293,13484.21231,1.04036328
457,2012,Costa Rica,1.66614629,0.345925086,336.4138972,0.0
458,2012,Czech Republic,-4.397747303,0.0,23.71747376,0.0
459,2012,Denmark,6.926227336,24.508640767000003,5.38627324,30.66893237
460,2012,Estonia,10.053988491,0.29173317,0.834207601,0.0
461,2012,Finland,5.487721108,0.751235422,0.0,0.087189129
462,2012,France,0.3879883349999999,3.276131107,439.3376637,15.1968061
463,2012,Germany,-0.673543903,13.678645743,2.904531131,11.26623205
464,2012,Greece,-1.208300659,2.59319441,948.056976,17.90385185
465,2012,Hungary,-18.553452057,0.0,173.6895738,0.0
466,2012,Iceland,-4.572765864,2.157604118,0.0,55.17180832
467,2012,Ireland,6.287414275,1.143947605,0.862158298,56.04229717
468,2012,Israel,0.4899224130000001,0.000891632,21.32005141,0.0
469,2012,Italy,-2.216313392,7.796293886999999,1629.880546,11.00956534
470,2012,Japan,-0.631063504,3.257907073,32.02306732,776.6701689189999
471,2012,Korea,0.295538906,2.12132188,0.978254485,657.1335211719999
472,2012,Latvia,8.218879581,0.465927086,6.48137541,0.0
473,2012,Lithuania,5.5485091220000005,2.27703926,1.465449101,2.39586289
474,2012,Luxembourg,5.778382889,0.0,0.0,0.0
475,2012,Mexico,-9.410519841,2.231188941,15108.62984,327.54101355600005
476,2012,Netherlands,9.716641837,209.98368915,0.29222184,15.69131377
477,2012,New Zealand,3.796223783,0.61509496,4.26735173,41.680266108
478,2012,Norway,5.044056714,2.619687621,0.0,16.90006731
479,2012,OECD - Europe,-1.279259629,4.819399058,9491.564305,12.329263721
480,2012,OECD - Total,-6.711926028,2.177652478,981736.7218,56.570037285000005
481,2012,Poland,-2.421971048,2.850551214,58.87436819,0.0
482,2012,Portugal,-17.454882492,0.51386789,894.1708717,1.85044753
483,2012,Russia,-7.930618345,0.920082945,145595.2044,5.641888846
484,2012,Slovak Republic,-13.391938477,0.0,27.10088211,0.0
485,2012,Slovenia,-4.524695029,0.044464808,9.143366964,0.0
486,2012,Spain,-13.964421253,0.262483929,2094.797311,3.784700948
487,2012,Sweden,7.549950115,0.697817432,0.0,2.602725859
488,2012,Switzerland,1.853788829,0.0,0.164785181,56.52589186
489,2012,Türkiye,-1.360807418,0.069757,3119.404489,10.48571913
490,2012,United Kingdom,11.61440513,12.699414657,54.34617982,53.17406034
491,2012,United States,-16.103674554,1.913717075,40225.90891,31.480526704
492,2013,Australia,-10.31797802,0.925584084,331842.2672,79.35287247200002
493,2013,Austria,1.668682617,0.0,3.051425667,8.765719272
494,2013,Belgium,-2.259691316,27.533537573,0.0,12.54952575
495,2013,Canada,-2.641303987,2.357571101,38797.20767,7.544728469
496,2013,Chile,-3.477401687,0.590900765,208.1391537,41.10316064
497,2013,Colombia,-1.392530676,0.112714293,17419.40273,1.04036328
498,2013,Costa Rica,0.243886885,0.345925086,537.9482181,0.0
499,2013,Czech Republic,4.083194235000001,0.0,3.41081095,0.468321023
500,2013,Denmark,-3.237461371,24.508640767000003,10.26763904,99.21763953
501,2013,Estonia,-8.694873259000001,0.29173317,12.02603098,2.942212131
502,2013,Finland,-0.408733749,0.751235422,11.35560425,0.008230541
503,2013,France,4.579707541,3.276131107,106.2933955,17.835882232
504,2013,Germany,2.070982925,13.678645743,8.264278328,8.907813829
505,2013,Greece,-6.781588396,2.59319441,698.8091087,2.699488378
506,2013,Hungary,1.577042852,0.0,27.32854839,0.0
507,2013,Iceland,-0.494042928,2.157604118,0.0,40.5654142
508,2013,Ireland,-4.901247706,1.143947605,0.0,88.34765858
509,2013,Israel,-4.228621879,0.000891632,65.44043859,0.0
510,2013,Italy,7.852314151,7.796293886999999,386.7967654,3.542633325
511,2013,Japan,-1.740773442,3.257907073,151.2273675,751.3277759089999
512,2013,Korea,1.890455293,2.12132188,23.40255573,579.8325960349999
513,2013,Latvia,-2.836940906,0.465927086,17.209786,3.646841629
514,2013,Lithuania,-1.912414565,2.27703926,0.0,0.0
515,2013,Luxembourg,7.587059665,0.0,0.0,0.0
516,2013,Mexico,5.4780389320000005,2.231188941,17798.08997,327.24368534200005
517,2013,Netherlands,-3.741082353,209.98368915,0.0,67.19666139
518,2013,New Zealand,-5.595955872999999,0.61509496,36.31329849,48.435567148
519,2013,Norway,1.578145616,2.619687621,0.0,43.01820613
520,2013,OECD - Europe,-0.197879701,4.819399058,10194.79654,17.630735891
521,2013,OECD - Total,-2.057450135,2.177652478,440131.4216,55.175077580000014
522,2013,Poland,0.63225438,2.850551214,39.84456357,6.411854803
523,2013,Portugal,-0.094860521,0.51386789,1809.760892,34.29822908
524,2013,Russia,-2.567830045,0.920082945,68167.77829,4.131980796000001
525,2013,Slovak Republic,-3.3069069410000003,0.0,9.295607457,0.0
526,2013,Slovenia,-3.983759657,0.044464808,0.165714538,8.130652157
527,2013,Spain,4.485797402,0.262483929,794.085898,13.57110661
528,2013,Sweden,-2.035685627,0.697817432,0.0,21.55884117
529,2013,Switzerland,0.8980751010000001,0.0,0.0,4.959761885
530,2013,Türkiye,-9.65861396,0.069757,6256.830468,0.730258271
531,2013,United Kingdom,-2.284619604,12.699414657,0.0,91.16484902
532,2013,United States,-1.911802433,1.913717075,23057.18645,24.386699892
533,2014,Australia,-9.259095778,0.925584084,467643.5311,76.834143464
534,2014,Austria,5.866663299,0.0,14.13428919,5.353681019
535,2014,Belgium,3.71681841,27.533537573,0.769659439,0.0
536,2014,Canada,4.016985377,2.357571101,31636.55616,10.999257746
537,2014,Chile,-0.087269666,0.590900765,1270.653113,39.19939558
538,2014,Colombia,-4.298730116,0.112714293,24693.07244,1.04036328
539,2014,Costa Rica,-2.831421192,0.345925086,390.9446332,0.0
540,2014,Czech Republic,0.615787013,0.0,7.449390511,0.0
541,2014,Denmark,-0.669676516,24.508640767000003,0.0,2.241729861
542,2014,Estonia,0.0605473359999999,0.29173317,1.861329799,0.02449384
543,2014,Finland,1.623260062,0.751235422,3.160184887,0.0
544,2014,France,3.10395252,3.276131107,281.0722201,10.72809424
545,2014,Germany,1.948930344,13.678645743,26.97936449,0.059457545
546,2014,Greece,14.554940052,2.59319441,482.3525164,5.953068845
547,2014,Hungary,13.249241032,0.0,274.5989336,1.145614543
548,2014,Iceland,0.55341417,2.157604118,0.0,76.40746103
549,2014,Ireland,1.964844767,1.143947605,0.0,76.82070118
550,2014,Israel,-8.207367329,0.000891632,8.369592712,0.0
551,2014,Italy,12.605299258,7.796293886999999,1069.160316,3.377712923
552,2014,Japan,1.561532235,3.257907073,231.1162954,746.6982465789999
553,2014,Korea,-1.527964421,2.12132188,114.4679974,591.0635062919999
554,2014,Latvia,1.124843757,0.465927086,11.05066111,1.172944988
555,2014,Lithuania,-3.966578897,2.27703926,1.028910756,0.0
556,2014,Luxembourg,-1.2381175139999998,0.0,0.0,0.0
557,2014,Mexico,7.699124266,2.231188941,5753.804838,329.14653441800004
558,2014,Netherlands,5.127419613000001,209.98368915,0.0,0.568670284
559,2014,New Zealand,-0.673708123,0.61509496,6.760821117,54.421273148
560,2014,Norway,-0.89531163,2.619687621,0.0,29.78214376
561,2014,OECD - Europe,3.1250739210000003,4.819399058,7221.307996,11.248467011
562,2014,OECD - Total,0.071249903,2.177652478,565288.0275,54.773645421000005
563,2014,Poland,-2.766660657,2.850551214,21.90795885,4.093997307
564,2014,Portugal,17.665381783,0.51386789,113.9695607,20.62493805
565,2014,Russia,-7.262651978,0.920082945,162919.5747,3.61485447
566,2014,Slovak Republic,7.579154006,0.0,23.14956138,6.193352645
567,2014,Slovenia,8.352005105,0.044464808,0.824085616,0.0
568,2014,Spain,2.853717303,0.262483929,354.5852675,14.26476097
569,2014,Sweden,1.895948803,0.697817432,121.319158,3.956996689
570,2014,Switzerland,1.888561133,0.0,8.688794028,17.40922
571,2014,Türkiye,0.313176812,0.069757,4403.245833,3.949045127
572,2014,United Kingdom,5.452710546,12.699414657,0.0,45.35483588
573,2014,United States,-1.467417072,1.913717075,26317.44247,24.508499691
574,2015,Australia,-9.536492873,0.925584084,427884.8787,77.40361408199999
575,2015,Austria,-5.999908722,0.0,0.0,37.10075586
576,2015,Belgium,-6.499556301,27.533537573,0.0,1.97186942
577,2015,Canada,0.574107407,2.357571101,29756.70488,9.43551937
578,2015,Chile,-3.416922211,0.590900765,2278.356691,45.10350588
579,2015,Colombia,-5.969708917,0.112714293,14337.4252,1.04036328
580,2015,Costa Rica,-1.241608532,0.345925086,492.911725,0.0
581,2015,Czech Republic,-12.696422047,0.0,28.44351732,21.74597639
582,2015,Denmark,11.714064745000002,24.508640767000003,13.52771694,49.26563607
583,2015,Estonia,-0.511772636,0.29173317,3.970130933,0.208416186
584,2015,Finland,6.392147073,0.751235422,5.519276176,0.061852965
585,2015,France,-8.402192266,3.276131107,186.0933002,10.099981463
586,2015,Germany,-6.040368496999999,13.678645743,41.2465112,41.07259306
587,2015,Greece,11.882765344,2.59319441,297.596955,13.273315
588,2015,Hungary,-7.067199702,0.0,38.93756597,0.0
589,2015,Iceland,0.743893515,2.157604118,0.0,98.30772801
590,2015,Ireland,2.487383977,1.143947605,44.47257714,73.85740935
591,2015,Israel,7.934984455,0.000891632,8.792322211,0.0
592,2015,Italy,1.184412687,7.796293886999999,196.6745806,12.3398535
593,2015,Japan,0.7899980600000001,3.257907073,125.0946286,765.530040439
594,2015,Korea,-3.1900297010000003,2.12132188,65.56095031,587.4335545819999
595,2015,Latvia,-4.894770366,0.465927086,15.56079302,0.495121131
596,2015,Lithuania,-9.270175898,2.27703926,10.51058229,3.561139028
597,2015,Luxembourg,-10.190236138,0.0,0.0,0.017491147
598,2015,Mexico,13.877763694,2.231188941,9277.290661,328.098783404
599,2015,Netherlands,-0.390658059,209.98368915,0.0,50.47235991
600,2015,New Zealand,-8.416710179,0.61509496,9.998752099,42.707135258
601,2015,Norway,5.349542027,2.619687621,0.0,56.03331178
602,2015,OECD - Europe,-3.255006878,4.819399058,12838.11134,18.390145621
603,2015,OECD - Total,-2.033327939,2.177652478,540235.472,56.15582025400001
604,2015,Poland,-19.233660016,2.850551214,46.21297606,0.566131297
605,2015,Portugal,-12.760815645,0.51386789,447.4962075,3.035479115
606,2015,Russia,-4.079503392,0.920082945,94908.07314,4.098888492
607,2015,Slovak Republic,-10.007343848,0.0,14.56617531,0.0
608,2015,Slovenia,-4.782374977,0.044464808,0.0,6.107284204
609,2015,Spain,-11.151820121,0.262483929,760.2380136,7.372615825
610,2015,Sweden,4.902803781,0.697817432,5.14612579,10.99290734
611,2015,Switzerland,-4.560196654,0.0,0.0,26.91927527
612,2015,Türkiye,4.545690416,0.069757,10646.94447,5.066641531
613,2015,United Kingdom,2.67518667,12.699414657,34.95387235,57.54327578
614,2015,United States,-1.79133566,1.913717075,43160.34619,26.46233416
615,2016,Australia,12.966093723,0.925584084,244031.5651,76.92591073599999
616,2016,Austria,5.620069534000001,0.0,0.805302405,0.0
617,2016,Belgium,-2.00803901,27.533537573,1.201021654,1.600195784
618,2016,Canada,7.072856842,2.357571101,9814.751743,7.264784757
619,2016,Chile,-5.473522328,0.590900765,645.4088852,34.06987253
620,2016,Colombia,-4.782921575,0.112714293,19594.16583,1.04036328
621,2016,Costa Rica,0.759702982,0.345925086,546.5636504,0.0
622,2016,Czech Republic,0.033603953,0.0,14.11283419,0.0
623,2016,Denmark,0.948506083,24.508640767000003,0.0,26.50534648
624,2016,Estonia,3.564897175,0.29173317,0.246271781,0.208416186
625,2016,Finland,5.520978677,0.751235422,20.39422377,0.0
626,2016,France,-3.438534454,3.276131107,272.984134,17.281572561999997
627,2016,Germany,-4.536810393,13.678645743,3.438449261,0.459996651
628,2016,Greece,0.620521389,2.59319441,559.6530402,7.264885816
629,2016,Hungary,6.997324889,0.0,2.265933495,0.0
630,2016,Iceland,0.401475166,2.157604118,0.0,76.12427334
631,2016,Ireland,1.98339226,1.143947605,0.286049238,40.58944949
632,2016,Israel,-5.957972830999999,0.000891632,26.19071026,0.0
633,2016,Italy,7.514080004,7.796293886999999,548.6940511,4.797684536
634,2016,Japan,3.058528103,3.257907073,48.42826912,745.735957939
635,2016,Korea,1.947213936,2.12132188,25.37063056,608.1310404919999
636,2016,Latvia,3.065035708,0.465927086,3.966401497,0.0
637,2016,Lithuania,3.122671163,2.27703926,0.0,0.0
638,2016,Luxembourg,0.330014276,0.0,0.0,0.0
639,2016,Mexico,1.224874298,2.231188941,14167.42971,329.456018199
640,2016,Netherlands,-5.735043363,209.98368915,0.0,6.53058073
641,2016,New Zealand,0.143076741,0.61509496,69.03414917,46.818290498
642,2016,Norway,2.471289541,2.619687621,0.0,46.76009824
643,2016,OECD - Europe,-0.956533381,4.819399058,12070.9002,10.764471501
644,2016,OECD - Total,1.172364735,2.177652478,333162.1879,54.26789603700001
645,2016,Poland,-2.064334852,2.850551214,10.37267314,0.654627187
646,2016,Portugal,7.403533708999999,0.51386789,1615.803191,3.096979035
647,2016,Russia,-4.683857287,0.920082945,92816.58161,6.285151293
648,2016,Slovak Republic,2.7046176720000004,0.0,5.841368256,2.210879474
649,2016,Slovenia,3.13411353,0.044464808,3.517144717,0.0
650,2016,Spain,0.564053238,0.262483929,873.3543512,2.635519763
651,2016,Sweden,-1.7651919370000002,0.697817432,0.0,1.208084492
652,2016,Switzerland,1.880502842,0.0,1.150737788,5.148694465
653,2016,Türkiye,-9.272450527,0.069757,8126.317006,2.549754731
654,2016,United Kingdom,2.475193235,12.699414657,6.49601607,47.47780546
655,2016,United States,-1.846766217,1.913717075,32122.37897,27.071157532
656,2017,Australia,-10.697911536,0.925584084,445588.8819,75.99019904699999
657,2017,Austria,-4.498669139,0.0,2.765892459,35.83010339
658,2017,Belgium,-7.18708991,27.533537573,0.0,16.00066194
659,2017,Canada,0.861715196,2.357571101,29343.64541,10.951563407000002
660,2017,Chile,6.328392705,0.590900765,5063.729328,43.58279871
661,2017,Colombia,-3.891703164,0.112714293,12155.60473,1.04036328
662,2017,Costa Rica,3.248716314,0.345925086,314.788182,0.0
663,2017,Czech Republic,-1.382984157,0.0,46.08674141,35.1258506
664,2017,Denmark,15.636294087,24.508640767000003,0.0,8.503472455
665,2017,Estonia,7.649002965,0.29173317,4.410821212,0.0
666,2017,Finland,5.798544077,0.751235422,0.0,0.038669425
667,2017,France,-9.276762619,3.276131107,532.4211748,23.030126522
668,2017,Germany,4.469600671,13.678645743,30.72610297,17.34860301
669,2017,Greece,-4.132600005,2.59319441,408.6595801,0.0
670,2017,Hungary,-2.5524004490000003,0.0,29.44686841,0.0
671,2017,Iceland,0.742784449,2.157604118,0.0,47.97344337
672,2017,Ireland,2.410424332,1.143947605,40.18107887,66.90626793
673,2017,Israel,-15.917053718,0.000891632,1.693329557,0.0
674,2017,Italy,-11.473596085,7.796293886999999,1242.629313,8.200043189
675,2017,Japan,1.056750949,3.257907073,89.37625542,773.7100550590001
676,2017,Korea,-11.015254343,2.12132188,94.04056695,575.5498909519999
677,2017,Latvia,8.230199157000001,0.465927086,0.394256927,0.0
678,2017,Lithuania,7.528442538,2.27703926,0.133529017,0.0
679,2017,Luxembourg,-7.890064637,0.0,0.007261015,10.66586014
680,2017,Mexico,-8.871053474,2.231188941,19785.73235,332.23032215300003
681,2017,Netherlands,0.632761567,209.98368915,0.0,10.22337137
682,2017,New Zealand,3.1736113340000003,0.61509496,38.43817602,45.843287108
683,2017,Norway,5.55063949,2.619687621,0.167574901,25.56033619
684,2017,OECD - Europe,-3.355068928,4.819399058,14076.54505,15.507266471
685,2017,OECD - Total,-2.971247893,2.177652478,566929.688,56.990654575000015
686,2017,Poland,10.247870167,2.850551214,9.698332365,5.032419113
687,2017,Portugal,-28.64938105,0.51386789,5233.095198,20.14553444
688,2017,Russia,-2.854178033,0.920082945,80815.12335,4.605049762
689,2017,Slovak Republic,-2.367739693,0.0,6.959999424,2.093038728
690,2017,Slovenia,-6.065354504,0.044464808,0.833684666,6.688319725
691,2017,Spain,-20.87723681,0.262483929,1430.018969,20.53250778
692,2017,Sweden,4.989071559,0.697817432,1.75541689,5.187107343
693,2017,Switzerland,-0.638542026,0.0,0.493485629,25.42085057
694,2017,Türkiye,-5.634333113,0.069757,5046.359545,8.005360838
695,2017,United Kingdom,3.988542032,12.699414657,9.300228604,41.65307125
696,2017,United States,-1.894639277,1.913717075,40377.21277,29.923270584
697,2018,Australia,-23.99644533,0.925584084,554478.1871,76.38110514499999
698,2018,Austria,-5.1800943440000005,0.0,6.984676875,20.74869654
699,2018,Belgium,-18.522064127,27.533537573,0.0,29.82809392
700,2018,Canada,0.0979963749999999,2.357571101,18278.15101,14.642443651
701,2018,Chile,1.751822828,0.590900765,379.0062292,33.2441965
702,2018,Colombia,-6.414083380000001,0.112714293,25469.38891,1.04036328
703,2018,Costa Rica,0.866706511,0.345925086,397.6981087,0.0
704,2018,Czech Republic,-20.8900619,0.0,7.435497433,5.869462266
705,2018,Denmark,-15.300529068,24.508640767000003,5.974832215,2.289426425
706,2018,Estonia,-15.293228463,0.29173317,4.669516424,0.0
707,2018,Finland,-7.492439495,0.751235422,51.88587299,0.0
708,2018,France,-8.301534005,3.276131107,32.60767959,17.546270392
709,2018,Germany,-28.2730808,13.678645743,51.79572571,38.07602381
710,2018,Greece,6.902882861,2.59319441,279.7219078,6.727950079
711,2018,Hungary,-4.935258615,0.0,12.29047392,0.0
712,2018,Iceland,2.71349777,2.157604118,0.0,51.14128524
713,2018,Ireland,-6.951406125,1.143947605,15.28121724,70.37163309
714,2018,Israel,9.442167149,0.000891632,1.22572704,0.0
715,2018,Italy,13.81329549,7.796293886999999,184.4845618,32.4488917
716,2018,Japan,0.130029833,3.257907073,199.455932,776.7816669690001
717,2018,Korea,-0.9468505,2.12132188,0.236435951,591.823777182
718,2018,Latvia,-18.673270941,0.465927086,16.94224481,0.0
719,2018,Lithuania,-18.813165045,2.27703926,6.856959193,0.0
720,2018,Luxembourg,-25.37565583,0.0,0.0,22.76539953
721,2018,Mexico,4.123530807,2.231188941,13915.52568,327.857326283
722,2018,Netherlands,-22.72591611,209.98368915,0.148799838,73.71142841
723,2018,New Zealand,12.73727561,0.61509496,5.519019296,43.307001978
724,2018,Norway,-8.109450312,2.619687621,8.886585516,27.52558186
725,2018,OECD - Europe,-5.801901399,4.819399058,5075.080928,15.828612921
726,2018,OECD - Total,-2.721432436,2.177652478,659114.8155,56.5264548
727,2018,Poland,-19.845658683,2.850551214,45.63012535,0.0
728,2018,Portugal,5.262157842000001,0.51386789,374.1260912,9.506248013
729,2018,Russia,-7.942406755,0.920082945,120892.9115,3.658370619
730,2018,Slovak Republic,-8.972684195,0.0,3.638537405,0.0
731,2018,Slovenia,4.125239213,0.044464808,2.317647703,11.84516672
732,2018,Spain,15.027089485,0.262483929,133.2041027,6.05038332
733,2018,Sweden,-15.656314205,0.697817432,153.4600925,1.684868275
734,2018,Switzerland,-8.96586402,0.0,0.0,89.14532968
735,2018,Türkiye,-0.1129116939999999,0.069757,3606.41838,2.616192126
736,2018,United Kingdom,-7.13706641,12.699414657,70.31940024,51.73371015
737,2018,United States,2.804731753,1.913717075,40915.34038,25.235199255
738,2019,Australia,-35.69841453,0.925584084,306703.6051,77.454562492
739,2019,Austria,-3.394320231,0.0,0.582801616,5.007365703
740,2019,Belgium,-9.132176449,27.533537573,0.0,8.670707655
741,2019,Canada,4.991709947,2.357571101,12811.36175,6.698365123
742,2019,Chile,-5.647284496,0.590900765,1103.070055,35.34652182
743,2019,Colombia,-10.115664951,0.112714293,17372.43215,1.04036328
744,2019,Costa Rica,-7.541335863,0.345925086,436.0194884,0.0
745,2019,Czech Republic,-7.673994488,0.0,41.63691892,0.0
746,2019,Denmark,4.858533729,24.508640767000003,1.722916313,2.247731536
747,2019,Estonia,-6.756745699,0.29173317,3.018091927,0.039320501
748,2019,Finland,0.360256606,0.751235422,27.37213157,0.468593007
749,2019,France,-8.166261158000001,3.276131107,472.0886637,21.909558632
750,2019,Germany,-9.008150284,13.678645743,52.44872165,1.019381058
751,2019,Greece,3.203307626,2.59319441,200.7601614,10.48805292
752,2019,Hungary,-4.936778460999999,0.0,28.89237216,0.0
753,2019,Iceland,-1.974075695,2.157604118,0.0,87.10026472
754,2019,Ireland,3.612095991,1.143947605,9.043623933,44.26267514
755,2019,Israel,4.287696772,0.000891632,17.04995202,0.0
756,2019,Italy,4.899598975,7.796293886999999,691.9441366,17.77550596
757,2019,Japan,0.1476092339999999,3.257907073,161.4449291,743.000210729
758,2019,Korea,-3.946732898,2.12132188,33.09483737,632.2780545719999
759,2019,Latvia,-8.516009987,0.465927086,0.578622446,0.0
760,2019,Lithuania,-15.209600635,2.27703926,0.367636498,0.0
761,2019,Luxembourg,-7.845726832,0.0,0.0,0.0
762,2019,Mexico,-9.821994773,2.231188941,19401.3852,328.558687225
763,2019,Netherlands,-9.44667307,209.98368915,0.133516843,1.02141202
764,2019,New Zealand,-2.490700957,0.61509496,54.15390863,33.305093698
765,2019,Norway,2.258435216,2.619687621,12.71234853,38.78449863
766,2019,OECD - Europe,-5.700294206,4.819399058,5979.544897,14.929699411
767,2019,OECD - Total,-3.032525042,2.177652478,392052.3852,54.892286960000014
768,2019,Poland,-14.737894093,2.850551214,9.705922324,0.0
769,2019,Portugal,-17.136992254,0.51386789,291.2931646,30.12113584
770,2019,Russia,-7.745801676999999,0.920082945,115226.7649,3.562693064
771,2019,Slovak Republic,-4.585013549999999,0.0,4.701664027,0.0
772,2019,Slovenia,3.2071020910000003,0.044464808,0.444395393,0.0
773,2019,Spain,-14.291780333,0.262483929,517.0655576,35.02837312
774,2019,Sweden,2.277785334,0.697817432,0.0,7.68797772
775,2019,Switzerland,-0.27471317,0.0,0.0,20.4581446
776,2019,Türkiye,-6.003952304,0.069757,3456.892459,1.238378843
777,2019,United Kingdom,4.227567401,12.699414657,156.1390694,27.48590334
778,2019,United States,6.447203368,1.913717075,27979.22292,27.667349714
779,2020,Australia,-3.459167389,0.925584084,222180.0596,77.092630141
780,2020,Austria,1.28558332,0.0,1.457677535,35.47038937
781,2020,Belgium,-22.45550153,27.533537573,12.27976596,99.99586221
782,2020,Canada,0.2882188909999998,2.357571101,2631.388173,9.84820333
783,2020,Chile,-6.819780797,0.590900765,940.7371518,36.37842644
784,2020,Colombia,-9.112689909,0.112714293,23156.50932,1.042132011
785,2020,Costa Rica,0.045959054,0.345925086,378.4549829,0.0
786,2020,Czech Republic,0.8054361699999999,0.0,7.232044546,22.60778273
787,2020,Denmark,-6.453978665999999,24.508640767000003,0.246323359,89.35898043
788,2020,Estonia,1.368095409,0.29173317,1.666259245,3.713270183
789,2020,Finland,3.345341328,0.751235422,0.0,1.532273168
790,2020,France,-10.688459205,3.276131107,85.88124111,30.896699352
791,2020,Germany,-13.341054634,13.678645743,4.038904954,67.61109981
792,2020,Greece,-4.331279259,2.59319441,158.0605168,4.503680581
793,2020,Hungary,-0.901355086,0.0,15.22720431,0.0
794,2020,Iceland,0.729357574,2.157604118,0.0,74.58192719
795,2020,Ireland,-0.520671903,1.143947605,7.493152145,89.09579099
796,2020,Israel,15.960325879,0.000891632,9.393766099,0.0
797,2020,Italy,-3.150714588,7.796293886999999,377.5793147,11.63556318
798,2020,Japan,1.747107264,3.257907073,155.960833,738.820110829
799,2020,Korea,-4.166320691999999,2.12132188,73.02582696,608.1400362819999
800,2020,Latvia,-2.505273119,0.465927086,1.410446266,6.055855225
801,2020,Lithuania,-7.52472883,2.27703926,14.74342514,12.70307503
802,2020,Luxembourg,-23.86737754,0.0,0.0,100.0
803,2020,Mexico,-13.804288682,2.231188941,14201.5282,327.48356736200003
804,2020,Netherlands,-15.640269817,209.98368915,0.268258707,99.96241734
805,2020,New Zealand,-9.652902387,0.61509496,101.3583178,45.284646898
806,2020,Norway,2.667843328,2.619687621,0.0,35.89698419
807,2020,OECD - Europe,-5.15598987,4.819399058,6650.364132,24.897488201
808,2020,OECD - Total,-4.706739473,2.177652478,319935.9021,57.664371624000005
809,2020,Poland,-5.856652846999999,2.850551214,47.42673654,0.798615323
810,2020,Portugal,1.589294026,0.51386789,549.6114669,11.87904264
811,2020,Russia,-9.791956669,0.920082945,105178.2318,2.872091093
812,2020,Slovak Republic,2.250349026,0.0,1.138311077,0.0
813,2020,Slovenia,-2.440198636,0.044464808,0.0,1.520099584
814,2020,Spain,5.1837960370000005,0.262483929,582.6368484,10.95748893
815,2020,Sweden,-2.7438545760000004,0.697817432,0.0,13.80802233
816,2020,Switzerland,-3.351904068,0.0,0.0,64.76570868
817,2020,Türkiye,-11.525661968,0.069757,4744.284758,5.41486429
818,2020,United Kingdom,-3.679739549,12.699414657,37.68147629,85.44681995
819,2020,United States,-6.62269195,1.913717075,49457.1218,30.160225484
820,2021,Australia,6.581983934,0.0,243872.2923,2.563435685
821,2021,Austria,-0.302113626,0.0,1.290836358,1.615417184
822,2021,Belgium,9.902139784,0.0,0.430278786,4.406066276
823,2021,Canada,-8.108897962,0.0,36423.98932,4.949672417
824,2021,Chile,-9.145890734,0.0,637.1943031,37.42447383
825,2021,Colombia,-4.851451858,0.0,10686.08792,0.0
826,2021,Costa Rica,2.537070752,0.0,201.3663074,0.0
827,2021,Czech Republic,5.914100584,0.0,7.099601531,1.713378501
828,2021,Denmark,5.0015750830000005,0.0,0.0,0.881742313
829,2021,Estonia,-2.197816013,0.0,0.860557572,0.0
830,2021,Finland,0.689557465,0.0,9.896415426,0.0
831,2021,France,2.943206944,0.0,215.5895673,4.81461777
832,2021,Germany,6.320994055,0.0,14.84461799,6.003319858
833,2021,Greece,0.244494594,0.0,1299.757347,7.935251268
834,2021,Hungary,-7.460718597,0.0,2.581672716,0.0
835,2021,Iceland,-2.854552692,0.0,0.0,46.44503485
836,2021,Ireland,-1.840140844,0.0,0.0,76.18875164
837,2021,Israel,-15.782851181000002,0.0,23.55959014,0.0
838,2021,Italy,-2.384515248,0.0,2063.293943,1.381364613
839,2021,Japan,1.188835288,0.0,76.37465246,39.32601286
840,2021,Korea,3.645507494,0.0,0.0,0.074374844
841,2021,Latvia,-0.964619534,0.0,1.290836359,0.0
842,2021,Lithuania,1.82734178,0.0,1.290836358,0.0
843,2021,Luxembourg,11.975981597,0.0,0.0,0.017491147
844,2021,Mexico,-7.89192137,0.0,13724.76704,1.91591052
845,2021,Netherlands,11.575161926,0.0,0.0,18.74142518
846,2021,New Zealand,-0.30930396,0.0,6.884468829,48.45676733
847,2021,Norway,-1.793409505,0.0,0.0,26.7555247
848,2021,OECD - Europe,-0.51168119,0.0,10171.8817,8.619269742
849,2021,OECD - Total,-3.004475921,0.0,354150.1905,7.824524894
850,2021,Poland,4.796666829,0.0,1.936254537,0.26814062
851,2021,Portugal,-3.29739772,0.0,160.9242856,10.24952654
852,2021,Russia,-8.475330135,0.0,126139.5143,2.53305984
853,2021,Slovak Republic,-1.924505842,0.0,3.44223218,0.0
854,2021,Slovenia,-2.50183691,0.0,0.0,0.0
855,2021,Spain,1.959646432,0.0,696.0747742,5.003098268
856,2021,Sweden,0.877523407,0.0,0.0,1.052786997
857,2021,Switzerland,-0.363752433,0.0,0.0,3.824920992
858,2021,Türkiye,-11.477763837,0.0,5691.277641,3.992672157
859,2021,United Kingdom,1.614077311,0.0,0.0,48.37641261
860,2021,United States,-6.344831924999999,0.0,38325.79293,12.26394269
